-- phpMyAdmin SQL Dump
-- version 4.0.10.14
-- http://www.phpmyadmin.net
--
-- Host: localhost:3306
-- Generation Time: Jul 23, 2016 at 07:18 AM
-- Server version: 5.6.30
-- PHP Version: 5.4.31

SET SQL_MODE = "NO_AUTO_VALUE_ON_ZERO";
SET time_zone = "+05:30";


/*!40101 SET @OLD_CHARACTER_SET_CLIENT=@@CHARACTER_SET_CLIENT */;
/*!40101 SET @OLD_CHARACTER_SET_RESULTS=@@CHARACTER_SET_RESULTS */;
/*!40101 SET @OLD_COLLATION_CONNECTION=@@COLLATION_CONNECTION */;
/*!40101 SET NAMES utf8 */;

--
-- Database: `andonsys`
--

-- --------------------------------------------------------

--
-- Table structure for table `department`
--

CREATE TABLE IF NOT EXISTS `department` (
  `dept_id` int(11) NOT NULL AUTO_INCREMENT,
  `name` varchar(255) NOT NULL,
  PRIMARY KEY (`dept_id`)
) ENGINE=MyISAM  DEFAULT CHARSET=latin1 AUTO_INCREMENT=10 ;

--
-- Dumping data for table `department`
--

INSERT INTO `department` (`dept_id`, `name`) VALUES
(1, 'Cutting'),
(2, 'Human Resource'),
(3, 'Industrial Engineering'),
(4, 'Maintenance'),
(5, 'Quality'),
(6, 'Trims'),
(7, 'Training'),
(8, 'Finishing'),
(9, 'Production');

-- --------------------------------------------------------

--
-- Table structure for table `desgn_line`
--

CREATE TABLE IF NOT EXISTS `desgn_line` (
  `desgn_id` int(11) NOT NULL,
  `line` int(2) NOT NULL
) ENGINE=MyISAM DEFAULT CHARSET=latin1;

--
-- Dumping data for table `desgn_line`
--

INSERT INTO `desgn_line` (`desgn_id`, `line`) VALUES
(1, 1),
(1, 2),
(1, 3),
(1, 4),
(2, 5),
(2, 6),
(2, 7),
(2, 8),
(3, 1),
(3, 2),
(3, 3),
(3, 4),
(4, 5),
(4, 6),
(4, 7),
(4, 8),
(5, 1),
(5, 2),
(5, 3),
(5, 4),
(6, 5),
(6, 6),
(6, 7),
(6, 8),
(7, 1),
(7, 2),
(7, 3),
(7, 4),
(8, 5),
(8, 6),
(8, 7),
(8, 8),
(9, 1),
(9, 2),
(9, 3),
(9, 4),
(10, 5),
(10, 6),
(10, 7),
(10, 8),
(11, 1),
(11, 2),
(11, 3),
(11, 4),
(12, 5),
(12, 6),
(12, 7),
(12, 8),
(13, 0),
(14, 0),
(15, 1),
(16, 2),
(17, 3),
(18, 4),
(19, 5),
(20, 6),
(21, 7),
(22, 8),
(23, 0),
(24, 0),
(25, 0),
(26, 0),
(27, 0),
(28, 0),
(29, 0),
(30, 0),
(31, 0),
(32, 0),
(33, 0),
(34, 0),
(35, 0),
(36, 0),
(37, 0),
(38, 0),
(44, 1),
(45, 2),
(46, 3),
(47, 4),
(48, 5),
(49, 6),
(50, 7),
(51, 8),
(52, 0),
(54, 0),
(55, 0),
(56, 0),
(57, 0);

-- --------------------------------------------------------

--
-- Table structure for table `desgn_problem`
--

CREATE TABLE IF NOT EXISTS `desgn_problem` (
  `desgn_id` int(11) NOT NULL,
  `prob_id` int(11) NOT NULL
) ENGINE=MyISAM DEFAULT CHARSET=latin1;

--
-- Dumping data for table `desgn_problem`
--

INSERT INTO `desgn_problem` (`desgn_id`, `prob_id`) VALUES
(1, 1),
(1, 2),
(1, 3),
(1, 4),
(1, 6),
(1, 7),
(1, 8),
(1, 12),
(1, 13),
(1, 14),
(1, 15),
(1, 20),
(1, 14),
(1, 27),
(1, 28),
(1, 29),
(2, 1),
(2, 2),
(2, 3),
(2, 4),
(2, 6),
(2, 7),
(2, 8),
(2, 12),
(2, 13),
(2, 14),
(2, 15),
(2, 20),
(2, 21),
(2, 27),
(2, 28),
(2, 29),
(3, 1),
(3, 2),
(3, 3),
(3, 4),
(4, 1),
(4, 2),
(4, 3),
(4, 4),
(5, 1),
(5, 2),
(5, 3),
(5, 4),
(5, 6),
(5, 7),
(5, 8),
(5, 12),
(5, 13),
(5, 14),
(5, 15),
(5, 20),
(5, 21),
(5, 27),
(5, 28),
(5, 29),
(6, 1),
(6, 2),
(6, 3),
(6, 4),
(6, 6),
(6, 7),
(6, 8),
(6, 12),
(6, 13),
(6, 14),
(6, 15),
(6, 20),
(6, 21),
(6, 27),
(6, 28),
(6, 29),
(7, 2),
(7, 5),
(7, 16),
(7, 17),
(7, 18),
(8, 2),
(8, 5),
(8, 16),
(8, 17),
(8, 18),
(9, 9),
(9, 10),
(9, 11),
(10, 9),
(10, 10),
(10, 11),
(11, 19),
(11, 20),
(11, 21),
(12, 19),
(12, 20),
(12, 21),
(13, 5),
(14, 6),
(14, 7),
(14, 8),
(15, 9),
(15, 10),
(15, 11),
(16, 9),
(16, 10),
(16, 11),
(17, 9),
(17, 10),
(17, 11),
(18, 9),
(18, 10),
(18, 11),
(19, 9),
(19, 10),
(19, 11),
(20, 9),
(20, 10),
(20, 11),
(21, 9),
(21, 10),
(21, 11),
(22, 9),
(22, 10),
(22, 11),
(23, 9),
(23, 10),
(23, 11),
(24, 9),
(24, 10),
(24, 11),
(25, 1),
(25, 2),
(25, 3),
(25, 4),
(26, 1),
(26, 2),
(26, 3),
(26, 4),
(27, 2),
(27, 5),
(27, 16),
(27, 17),
(27, 18),
(28, 5),
(28, 6),
(28, 7),
(28, 8),
(28, 25),
(28, 26),
(29, 9),
(29, 10),
(29, 11),
(30, 9),
(30, 10),
(30, 11),
(31, 12),
(31, 13),
(31, 14),
(31, 15),
(32, 12),
(32, 13),
(32, 14),
(32, 15),
(32, 22),
(32, 23),
(32, 24),
(33, 2),
(33, 5),
(33, 16),
(33, 17),
(33, 18),
(34, 19),
(34, 20),
(34, 21),
(35, 19),
(35, 20),
(35, 21),
(36, 0),
(37, 0),
(38, 2),
(38, 5),
(38, 16),
(38, 17),
(38, 18),
(44, 22),
(44, 23),
(44, 24),
(45, 22),
(45, 23),
(45, 24),
(46, 22),
(46, 23),
(46, 24),
(47, 22),
(47, 23),
(47, 24),
(48, 22),
(48, 23),
(48, 24),
(49, 22),
(49, 23),
(49, 24),
(50, 22),
(50, 23),
(50, 24),
(51, 22),
(51, 23),
(51, 24),
(52, 1),
(54, 22),
(54, 23),
(54, 24),
(55, 17),
(55, 18),
(56, 25),
(56, 26),
(57, 25),
(57, 26);

-- --------------------------------------------------------

--
-- Table structure for table `designation`
--

CREATE TABLE IF NOT EXISTS `designation` (
  `desgn_id` int(11) NOT NULL AUTO_INCREMENT,
  `name` varchar(255) NOT NULL,
  `level` int(2) NOT NULL,
  PRIMARY KEY (`desgn_id`)
) ENGINE=MyISAM  DEFAULT CHARSET=latin1 AUTO_INCREMENT=58 ;

--
-- Dumping data for table `designation`
--

INSERT INTO `designation` (`desgn_id`, `name`, `level`) VALUES
(1, 'Floor IE 1st Floor', 1),
(2, 'Floor IE 2nd Floor', 1),
(3, 'Cutting Executive 1st Floor', 1),
(4, 'Cutting Executive 2nd Floor', 1),
(5, 'Production Manager 1st Floor', 1),
(6, 'Production Manager 2nd Floor', 1),
(7, 'Senior Executive Quality 1st Floor', 1),
(8, 'Senior Executive Quality 2nd Floor', 1),
(9, 'Senior Mechanic 1st Floor', 1),
(10, 'Senior Mechanic 2nd Floor', 1),
(11, 'Welfare Officer 1st Floor', 1),
(12, 'Welfare Officer 2nd Floor', 1),
(13, 'Input Quality Manager', 1),
(14, 'Trim Controller', 1),
(15, 'Mechanic Line 1', 1),
(16, 'Mechanic Line 2', 1),
(17, 'Mechanic Line 3', 1),
(18, 'Mechanic Line 4', 1),
(19, 'Mechanic Line 5', 1),
(20, 'Mechanic Line 6', 1),
(21, 'Mechanic Line 7', 1),
(22, 'Mechanic Line 8', 1),
(23, 'Senior Electrician', 1),
(24, 'Head Mechanics', 1),
(25, 'Assitant Manager Cutting', 2),
(26, 'Manager Cutting', 2),
(27, 'Quality Manager', 2),
(28, 'Assistant Factory Manager', 2),
(29, 'Assistant Manager Maintenance', 2),
(30, 'Manager Maintenance', 2),
(31, 'IE Manager', 2),
(32, 'Senior Manager Projects', 2),
(33, 'Senior Manager Quality', 3),
(34, 'Assistant Manager HR', 2),
(35, 'HR Head', 2),
(36, 'Factory Manager', 3),
(37, 'Head of Operations', 3),
(38, 'Technical and Quality Head', 1),
(39, 'Admin', 4),
(40, 'Line IE', 0),
(41, 'Line Incharge', 0),
(42, 'Team Leader Quality', 0),
(43, 'SMED Executive', 1),
(44, 'Line 1 Trainer', 1),
(45, 'Line 2 Trainer', 1),
(46, 'Line 3 Trainer', 1),
(47, 'Line 4 Trainer', 1),
(48, 'Line 5 Trainer', 1),
(49, 'Line 6 Trainer', 1),
(50, 'Line 7 Trainer', 1),
(51, 'Line 8 Trainer', 1),
(52, 'Planning Executive', 1),
(53, 'Supervisor', 0),
(54, 'Training Head', 2),
(55, 'Pre-Production', 1),
(56, 'Finishing Incharge', 1),
(57, 'Washing Coordinator', 1);

-- --------------------------------------------------------

--
-- Table structure for table `forgot_password`
--

CREATE TABLE IF NOT EXISTS `forgot_password` (
  `user_id` int(11) NOT NULL,
  `otp` int(11) NOT NULL,
  `time` datetime DEFAULT NULL
) ENGINE=MyISAM DEFAULT CHARSET=latin1;

--
-- Dumping data for table `forgot_password`
--

INSERT INTO `forgot_password` (`user_id`, `otp`, `time`) VALUES
(50138, 102800, '2016-07-20 13:09:15');

-- --------------------------------------------------------

--
-- Table structure for table `issue`
--

CREATE TABLE IF NOT EXISTS `issue` (
  `issue_id` int(11) NOT NULL AUTO_INCREMENT,
  `line` int(2) NOT NULL,
  `sec_id` int(3) NOT NULL,
  `dept_id` int(3) NOT NULL,
  `prob_id` int(3) NOT NULL,
  `critical` char(3) DEFAULT NULL,
  `operator_no` varchar(255) DEFAULT NULL,
  `description` text,
  `raised_at` timestamp NOT NULL DEFAULT CURRENT_TIMESTAMP,
  `ack_at` timestamp NULL DEFAULT NULL,
  `fix_at` timestamp NULL DEFAULT NULL,
  `mod_at` timestamp NOT NULL DEFAULT '0000-00-00 00:00:00',
  `raised_by` int(11) DEFAULT NULL,
  `ack_by` int(11) DEFAULT NULL,
  `fix_by` int(11) DEFAULT NULL,
  `processing_at` int(2) DEFAULT NULL,
  `status` int(11) NOT NULL,
  `seek_help` int(1) DEFAULT '0',
  PRIMARY KEY (`issue_id`)
) ENGINE=MyISAM  DEFAULT CHARSET=latin1 AUTO_INCREMENT=213 ;

--
-- Dumping data for table `issue`
--

INSERT INTO `issue` (`issue_id`, `line`, `sec_id`, `dept_id`, `prob_id`, `critical`, `operator_no`, `description`, `raised_at`, `ack_at`, `fix_at`, `mod_at`, `raised_by`, `ack_by`, `fix_by`, `processing_at`, `status`, `seek_help`) VALUES
(1, 1, 1, 1, 1, 'NO', '0', 'Developer is testing. Ignore this SMS.', '2016-07-15 08:27:09', '2016-07-15 08:27:26', '2016-07-15 08:28:14', '2016-07-15 08:28:14', 55550, 55550, 55550, 4, 0, 0),
(2, 2, 5, 4, 10, 'YES', '18710', 'button attatch machine @ mechanic needed. ', '2016-07-18 04:46:27', '2016-07-18 05:08:09', '2016-07-18 05:08:27', '2016-07-18 05:08:27', 50705, 50705, 50705, 4, 0, 0),
(3, 4, 1, 4, 9, 'YES', '0', 'colar.feneseing', '2016-07-18 05:08:13', '2016-07-18 05:11:28', '2016-07-18 05:11:34', '2016-07-18 05:11:34', 50706, 50706, 50706, 4, 0, 0),
(4, 2, 5, 9, 29, 'NO', '0', 'Matching delayed due to serial mismatch at front loading. ', '2016-07-18 05:30:05', '2016-07-18 06:21:22', '2016-07-18 06:22:28', '2016-07-18 06:22:28', 50705, 50705, 50705, 4, 0, 0),
(5, 2, 5, 4, 10, 'YES', '0', 'problem at front button attach. button feed not happening. ', '2016-07-18 06:04:59', '2016-07-18 06:19:51', '2016-07-18 06:20:18', '2016-07-18 06:20:18', 50705, 15902, 50705, 4, 0, 0),
(6, 2, 5, 4, 10, 'YES', '0', 'problem at front button attach. button feed not happening. ', '2016-07-18 06:08:09', '2016-07-18 06:19:36', '2016-07-18 06:21:07', '2016-07-18 06:21:07', 50705, 15902, 50705, 4, 0, 0),
(7, 4, 3, 4, 9, 'YES', '0', 'batan .hol', '2016-07-18 06:36:34', '2016-07-18 06:39:12', '2016-07-18 06:39:51', '2016-07-18 06:39:51', 50706, 50342, 50706, 4, 0, 0),
(8, 2, 5, 4, 11, 'YES', '0', 'Electrician req at Front Iron. problem with iron box, excess heat.', '2016-07-18 07:06:47', '2016-07-18 07:08:27', '2016-07-18 07:18:11', '2016-07-18 07:18:11', 50705, 15902, 50705, 4, 0, 0),
(9, 1, 3, 1, 4, 'NO', '0', 'cuff topside less pieces loded to batch', '2016-07-18 07:11:23', '2016-07-18 08:41:14', '2016-07-18 08:41:22', '2016-07-18 08:41:22', 50242, 50242, 50242, 4, 0, 0),
(10, 2, 5, 4, 10, 'YES', '16060', 'mechanic req at front button attach. prob with 2a btn', '2016-07-18 07:20:28', '2016-07-18 07:22:24', '2016-07-18 07:25:31', '2016-07-18 07:25:31', 50705, 15902, 50705, 4, 0, 0),
(11, 2, 1, 4, 10, 'YES', '0', 'guage changing at slv attach. new color loading', '2016-07-18 07:27:56', '2016-07-18 07:28:13', '2016-07-18 07:54:51', '2016-07-18 07:54:51', 50705, 15902, 50705, 4, 0, 0),
(12, 3, 5, 1, 4, 'NO', '0', 'Pcs less in bundle', '2016-07-18 08:33:24', '2016-07-18 08:45:59', '2016-07-18 08:46:04', '2016-07-18 08:46:04', 50084, 50084, 50084, 4, 0, 0),
(13, 2, 1, 4, 9, 'YES', '0', 'Machine setting @ slv attach for 3 machine', '2016-07-18 09:34:20', '2016-07-18 10:19:50', '2016-07-18 10:20:10', '2016-07-18 10:20:10', 50705, 15902, 50705, 4, 0, 0),
(14, 3, 3, 4, 11, 'YES', '0', 'Btn machine', '2016-07-18 09:48:59', '2016-07-18 09:51:12', '2016-07-18 09:52:41', '2016-07-18 09:52:41', 50084, 50084, 50084, 4, 0, 0),
(15, 3, 3, 4, 9, 'YES', '0', 'Cuff top stitch', '2016-07-18 09:50:09', '2016-07-18 09:52:20', '2016-07-18 11:36:58', '2016-07-18 11:36:58', 50084, 50084, 50084, 4, 0, 0),
(16, 4, 1, 9, 28, 'NO', '16594', 'test only no issues ', '2016-07-18 10:50:53', '2016-07-18 10:51:25', '2016-07-18 10:51:30', '2016-07-18 10:51:30', 50631, 50631, 50631, 4, 0, 0),
(17, 2, 3, 9, 29, 'NO', '0', 'collar nd cuff serial mismatch affected the matching nd assembly', '2016-07-18 11:04:22', '2016-07-18 11:32:25', NULL, '2016-07-18 11:32:25', 50705, 50614, NULL, 3, 1, 0),
(18, 4, 3, 4, 9, 'YES', '0', 'cuff.rarn', '2016-07-18 11:07:51', '2016-07-18 11:16:48', '2016-07-18 11:17:16', '2016-07-18 11:17:16', 50706, 50706, 50706, 4, 0, 0),
(19, 4, 1, 4, 9, 'YES', '0', 'sleeve.atach', '2016-07-18 11:10:50', '2016-07-18 11:15:30', '2016-07-18 11:15:51', '2016-07-18 11:15:51', 50706, 50706, 50706, 4, 0, 0),
(20, 2, 5, 9, 28, 'NO', '0', 'Needle broken at btn attch machine l. feed helper not available', '2016-07-18 11:17:31', '2016-07-18 11:31:01', '2016-07-18 11:31:29', '2016-07-18 11:31:29', 50705, 50705, 50705, 4, 0, 0),
(21, 2, 5, 4, 10, 'YES', '0', 'Electrician rq at frt iron CT Evng shirt.  Prob at air supply to table', '2016-07-18 11:30:18', '2016-07-18 11:31:18', '2016-07-18 12:02:25', '2016-07-18 12:02:25', 50705, 15902, 50705, 4, 0, 0),
(22, 3, 3, 4, 9, 'YES', '0', 'Cuff top stitch', '2016-07-18 11:54:55', '2016-07-18 12:11:25', '2016-07-18 12:30:50', '2016-07-18 12:30:50', 50084, 50631, 50631, 4, 0, 0),
(23, 4, 4, 4, 9, 'YES', '0', 'collar edge stitch mc problem', '2016-07-18 12:09:38', '2016-07-18 12:10:51', NULL, '2016-07-18 12:30:52', 50706, 50342, NULL, 3, 1, 0),
(24, 1, 4, 1, 4, 'NO', '0', 'neckband shape not properly cutting quality issue', '2016-07-18 12:26:57', NULL, NULL, '2016-07-18 12:31:59', 50242, NULL, NULL, 2, 1, 0),
(25, 1, 1, 1, 1, 'NO', '0', 'developer is testing. ignore this sms ', '2016-07-19 03:22:32', '2016-07-19 04:18:00', '2016-07-19 04:18:54', '2016-07-19 04:18:54', 55550, 55550, 55550, 4, 0, 0),
(26, 2, 2, 4, 10, 'YES', '0', 'machine setting at back section', '2016-07-19 03:34:42', '2016-07-19 03:47:43', '2016-07-19 03:53:43', '2016-07-19 03:53:43', 50705, 50418, 50705, 4, 0, 0),
(27, 2, 3, 9, 29, 'NO', '0', 'meeting conducting by Suprvisor fie cuff nd clr section', '2016-07-19 03:57:50', '2016-07-19 04:03:21', '2016-07-19 04:03:32', '2016-07-19 04:03:32', 50705, 50705, 50705, 4, 0, 0),
(28, 2, 3, 9, 29, 'NO', '0', 'meeting conducting by Suprvisor fie cuff nd clr section', '2016-07-19 03:57:50', '2016-07-19 04:03:49', '2016-07-19 04:03:56', '2016-07-19 04:03:56', 50705, 50705, 50705, 4, 0, 0),
(29, 2, 3, 9, 29, 'NO', '0', 'meeting conducting by Suprvisor fie cuff nd clr section', '2016-07-19 03:57:55', '2016-07-19 04:04:02', '2016-07-19 04:32:25', '2016-07-19 04:32:25', 50705, 50705, 50705, 4, 0, 0),
(30, 2, 6, 9, 29, 'NO', '0', 'slv rolling and slv box oprts unplanned leave. affecting 1st hr matchi', '2016-07-19 04:03:09', '2016-07-19 05:32:49', '2016-07-19 06:08:54', '2016-07-19 06:08:54', 50705, 50418, 50705, 4, 0, 0),
(31, 1, 3, 1, 1, 'NO', '0', 'd/cuff embrodry placement wrong.', '2016-07-19 04:20:48', '2016-07-19 04:28:56', '2016-07-19 09:20:22', '2016-07-19 09:20:22', 50622, 50622, 20202, 4, 0, 0),
(32, 4, 1, 4, 9, 'YES', '0', 'soldar.gayant', '2016-07-19 04:29:05', '2016-07-19 04:33:26', '2016-07-19 04:35:22', '2016-07-19 04:35:22', 50706, 50617, 50706, 4, 0, 0),
(33, 2, 4, 4, 10, 'YES', '0', 'require tension change at clr kinari', '2016-07-19 04:32:06', '2016-07-19 04:32:36', '2016-07-19 04:36:15', '2016-07-19 04:36:15', 50705, 15902, 50705, 4, 0, 0),
(34, 1, 4, 5, 16, 'NO', '18071', 'more uncut thred.', '2016-07-19 04:44:40', '2016-07-19 04:48:26', '2016-07-19 10:45:32', '2016-07-19 10:45:32', 50622, 50622, 50705, 4, 0, 0),
(35, 1, 4, 1, 4, 'NO', '0', 'Cutt quality issueat colr n/b. Fraying thread affecting clr production', '2016-07-19 06:10:43', '2016-07-19 07:50:24', '2016-07-19 10:10:38', '2016-07-19 10:10:38', 50705, 50418, 40404, 4, 0, 0),
(36, 2, 3, 4, 10, 'YES', '0', 'prob at cuff button attach machine', '2016-07-19 06:32:22', '2016-07-19 06:32:45', '2016-07-19 06:34:58', '2016-07-19 06:34:58', 50705, 15902, 50705, 4, 0, 0),
(37, 2, 3, 4, 10, 'YES', '0', 'folder changing at cuff pointed operation', '2016-07-19 06:37:56', '2016-07-19 06:39:29', '2016-07-19 06:39:44', '2016-07-19 06:39:44', 50705, 15902, 50705, 4, 0, 0),
(38, 2, 4, 4, 10, 'YES', '0', 'mechanic req for die changing at clr blocking machine', '2016-07-19 07:06:48', '2016-07-19 07:07:15', '2016-07-19 07:23:44', '2016-07-19 07:23:44', 50705, 15902, 50705, 4, 0, 0),
(39, 1, 6, 9, 29, 'NO', '0', 'peter jackson & onward running in sleeve causing delay in matching', '2016-07-19 07:17:17', '2016-07-19 07:50:18', '2016-07-19 10:45:55', '2016-07-19 10:45:55', 40404, 50418, 50705, 4, 0, 0),
(40, 2, 6, 4, 10, 'YES', '0', 'folder changing at slv rolling', '2016-07-19 07:39:09', '2016-07-19 07:40:52', '2016-07-19 07:41:12', '2016-07-19 07:41:12', 50705, 20202, 50705, 4, 0, 0),
(41, 1, 3, 4, 9, 'YES', '17843', ' prob at cuff blocking machine. .excess heat generating', '2016-07-19 07:44:54', '2016-07-19 07:50:02', '2016-07-19 07:50:37', '2016-07-19 07:50:37', 50705, 50418, 50418, 4, 0, 0),
(42, 1, 4, 1, 4, 'NO', '0', 'collar con 427 collar topside weeving cutting quality issue cutting', '2016-07-19 08:33:08', '2016-07-19 08:47:29', '2016-07-19 10:46:22', '2016-07-19 10:46:22', 50242, 20202, 50705, 4, 0, 0),
(43, 1, 3, 4, 9, 'YES', '0', 'cuff blocking machine prob not solved till now. kindly review.', '2016-07-19 08:53:38', '2016-07-19 09:09:10', '2016-07-19 10:15:56', '2016-07-19 10:15:56', 50705, 50242, 50705, 4, 0, 0),
(44, 2, 1, 8, 25, 'NO', '0', 'Fin pcs not cleared from assm area due to whch hangers not ava for UHS', '2016-07-19 09:09:05', '2016-07-19 12:45:00', '2016-07-19 12:45:00', '2016-07-19 12:46:19', 50705, 55554, 55554, 4, 0, 0),
(45, 2, 1, 8, 25, 'NO', '0', 'Fin pcs not cleared from assm area due to whch hangers not ava for UHS', '2016-07-19 09:09:05', '2016-07-19 12:45:00', '2016-07-19 12:45:00', '2016-07-19 12:46:19', 50705, 55554, 55554, 4, 0, 0),
(46, 2, 1, 8, 25, 'NO', '0', 'Fin pcs not cleared from assm area due to whch hangers not ava for UHS', '2016-07-19 09:09:05', '2016-07-19 12:45:00', '2016-07-19 12:45:00', '2016-07-19 12:46:19', 50705, 55554, 55554, 4, 0, 0),
(47, 2, 1, 8, 25, 'NO', '0', 'Fin pcs not cleared from assm area due to whch hangers not ava for UHS', '2016-07-19 09:09:05', '2016-07-19 12:45:00', '2016-07-19 12:45:00', '2016-07-19 12:46:19', 50705, 55554, 55554, 4, 0, 0),
(48, 2, 1, 8, 25, 'NO', '0', 'Fin pcs not cleared from assm area due to whch hangers not ava for UHS', '2016-07-19 09:09:08', '2016-07-19 12:45:00', '2016-07-19 12:45:00', '2016-07-19 12:46:19', 50705, 55554, 55554, 4, 0, 0),
(49, 2, 2, 9, 28, 'NO', '0', 'size label missing not crossed checked by F/H', '2016-07-19 09:22:44', '2016-07-19 09:23:19', '2016-07-19 10:45:17', '2016-07-19 10:45:17', 50705, 50705, 50705, 4, 0, 0),
(50, 1, 5, 7, 22, 'NO', '13251', 'handling problem for ironing front placket', '2016-07-19 09:37:31', '2016-07-19 09:44:32', '2016-07-19 10:10:55', '2016-07-19 10:10:55', 50622, 50622, 50622, 4, 0, 0),
(51, 1, 5, 4, 11, 'YES', '0', 'Electrician required @front section to change ironically box to oth ta', '2016-07-19 10:58:42', '2016-07-19 11:05:11', '2016-07-19 11:05:24', '2016-07-19 11:05:24', 50418, 50418, 50418, 4, 0, 0),
(52, 4, 1, 4, 9, 'YES', '0', 'sid.sim', '2016-07-19 11:25:46', '2016-07-19 11:27:16', '2016-07-19 11:28:21', '2016-07-19 11:28:21', 50706, 50706, 50706, 4, 0, 0),
(53, 2, 5, 9, 27, 'NO', '0', 'Absence of supervision affecting matching nd UHS', '2016-07-19 12:34:46', '2016-07-19 12:45:00', '2016-07-19 12:45:00', '2016-07-19 12:46:19', 50705, 55554, 55554, 4, 0, 0),
(54, 3, 3, 4, 9, 'YES', '0', 'Btn machin btns flying', '2016-07-20 03:36:58', '2016-07-20 03:39:39', '2016-07-20 03:40:26', '2016-07-20 03:40:26', 50084, 50617, 50084, 4, 0, 0),
(55, 4, 4, 4, 9, 'YES', '0', 'collar tape preparation folder not available ', '2016-07-20 03:49:37', '2016-07-20 05:48:04', '2016-07-20 04:24:06', '2016-07-20 05:48:04', 50706, 50549, 50706, 4, 0, 0),
(56, 4, 1, 3, 12, 'NO', '0', 'colar.feniseing.no.balnce', '2016-07-20 04:00:27', '2016-07-20 12:45:00', '2016-07-20 12:45:00', '2016-07-20 12:46:59', 50706, 55554, 55554, 4, 0, 0),
(57, 4, 4, 6, 8, 'NO', '0', 'tape issuied widtg veriation effecting productuon', '2016-07-20 04:06:00', '2016-07-20 04:15:43', '2016-07-20 04:19:25', '2016-07-20 04:19:25', 50706, 50706, 50706, 4, 0, 0),
(58, 4, 1, 4, 9, 'YES', '0', 'foa mc problem', '2016-07-20 04:07:31', '2016-07-20 04:14:09', '2016-07-20 04:14:57', '2016-07-20 04:14:57', 50706, 50706, 50706, 4, 0, 0),
(59, 4, 3, 4, 9, 'NO', '0', 'cuff bttn mc problem', '2016-07-20 04:08:40', '2016-07-20 04:16:51', '2016-07-20 04:18:45', '2016-07-20 04:18:45', 50706, 50617, 50706, 4, 0, 0),
(60, 1, 4, 1, 4, 'NO', '0', 'clr&cuff fabric difect.', '2016-07-20 04:27:42', '2016-07-20 04:36:36', '2016-07-20 06:22:27', '2016-07-20 06:22:27', 50622, 50242, 50622, 4, 0, 0),
(61, 4, 4, 9, 29, 'NO', '0', 'pick ready pick shape up&down problem', '2016-07-20 04:56:23', '2016-07-20 06:36:35', '2016-07-20 06:36:47', '2016-07-20 06:36:47', 50706, 50706, 50706, 4, 0, 0),
(62, 2, 6, 4, 10, 'YES', '0', 'folder changing at slv rolling for 3 machines', '2016-07-20 04:57:58', '2016-07-20 04:59:10', '2016-07-20 05:00:27', '2016-07-20 05:00:27', 50705, 15902, 50705, 4, 0, 0),
(63, 2, 1, 8, 25, 'NO', '0', 'Fin pcs not cleared frm ass area due to which hangers not avai for UHS', '2016-07-20 05:08:16', '2016-07-20 12:45:00', '2016-07-20 12:45:00', '2016-07-20 12:46:59', 50705, 55554, 55554, 4, 0, 0),
(64, 3, 6, 1, 4, 'NO', '0', 'embroidery serial mixup due to thia whole line fully dry.. ', '2016-07-20 05:09:16', '2016-07-20 08:49:28', '2016-07-20 08:49:35', '2016-07-20 08:49:35', 50706, 20202, 20202, 4, 0, 0),
(65, 1, 1, 4, 10, 'YES', '0', 'btn attached machine prob with2a button', '2016-07-20 05:12:39', '2016-07-20 05:25:31', '2016-07-20 05:49:45', '2016-07-20 05:49:45', 50705, 50705, 50705, 4, 0, 0),
(66, 1, 1, 4, 9, 'YES', '0', 'line 1 assembly machine setting ', '2016-07-20 05:12:52', '2016-07-20 05:45:06', '2016-07-20 05:55:30', '2016-07-20 05:55:30', 50242, 50242, 50242, 4, 0, 0),
(67, 4, 3, 4, 9, 'YES', '0', 'cuff.battn', '2016-07-20 06:17:37', '2016-07-20 06:29:13', '2016-07-20 06:29:50', '2016-07-20 06:29:50', 50706, 50706, 50706, 4, 0, 0),
(68, 1, 4, 4, 10, 'YES', '0', 'tape att setting not cleared from  10 am. kindly review', '2016-07-20 06:19:42', '2016-07-20 09:08:56', '2016-07-20 08:50:36', '2016-07-20 09:08:56', 50705, 50617, 20202, 4, 0, 0),
(69, 2, 1, 7, 22, 'NO', '16758', 'prob at foa poor handling leading to mach breakdown', '2016-07-20 06:31:23', '2016-07-20 06:34:28', '2016-07-20 06:34:39', '2016-07-20 06:34:39', 50705, 50705, 50705, 4, 0, 0),
(70, 2, 1, 7, 22, 'NO', '16758', 'prob at foa poor handling leading to mach breakdown', '2016-07-20 06:31:24', '2016-07-20 06:36:45', '2016-07-20 06:36:56', '2016-07-20 06:36:56', 50705, 50705, 50705, 4, 0, 0),
(71, 1, 6, 4, 9, 'YES', '0', 'down stitch at slv box operation', '2016-07-20 06:32:18', '2016-07-20 06:35:40', '2016-07-20 06:37:03', '2016-07-20 06:37:03', 50705, 50705, 50705, 4, 0, 0),
(72, 1, 1, 7, 22, 'NO', '12447', 'cuff att very problem is there.', '2016-07-20 06:41:08', '2016-07-20 06:47:10', '2016-07-20 06:48:37', '2016-07-20 06:48:37', 50622, 50622, 50622, 4, 0, 0),
(73, 2, 3, 4, 9, 'YES', '19064', 'mechanic needed at cuff blocking machine', '2016-07-20 06:57:26', '2016-07-20 06:58:22', '2016-07-20 07:23:44', '2016-07-20 07:23:44', 50705, 15902, 50705, 4, 0, 0),
(74, 1, 1, 5, 16, 'NO', '0', 'cuff att alteration quality issue', '2016-07-20 07:06:29', '2016-07-20 07:19:52', '2016-07-20 07:20:31', '2016-07-20 07:20:31', 50242, 50242, 50242, 4, 0, 0),
(75, 4, 3, 4, 9, 'YES', '0', 'cuff.batn', '2016-07-20 07:29:58', '2016-07-20 07:37:27', '2016-07-20 07:37:50', '2016-07-20 07:37:50', 50706, 50706, 50706, 4, 0, 0),
(76, 4, 1, 3, 12, 'NO', '0', 'developer is testing. Ignore this sms. ', '2016-07-20 07:31:20', '2016-07-20 07:39:50', '2016-07-20 07:40:05', '2016-07-20 07:40:05', 55550, 50706, 50706, 4, 0, 0),
(77, 4, 1, 4, 9, 'YES', '0', 'soldar:-) .gayant', '2016-07-20 08:52:38', '2016-07-20 08:58:52', '2016-07-20 08:59:02', '2016-07-20 08:59:02', 50706, 50706, 50706, 4, 0, 0),
(78, 3, 3, 1, 4, 'NO', '0', 'pcs less in cuff CON BSTLR 123', '2016-07-20 08:57:21', '2016-07-20 12:45:00', '2016-07-20 12:45:00', '2016-07-20 12:46:59', 20202, 55554, 55554, 4, 0, 0),
(79, 3, 3, 4, 9, 'YES', '0', 'cuff button machine prob ', '2016-07-20 09:07:11', '2016-07-20 09:09:22', '2016-07-20 09:12:31', '2016-07-20 09:12:31', 20202, 50617, 20202, 4, 0, 0),
(80, 4, 3, 4, 9, 'YES', '0', 'cuff.sachra', '2016-07-20 09:09:05', '2016-07-20 09:16:34', '2016-07-20 09:16:43', '2016-07-20 09:16:43', 50706, 50706, 50706, 4, 0, 0),
(81, 1, 3, 4, 9, 'YES', '0', 'cuff blocking m/c problem', '2016-07-20 09:42:48', '2016-07-20 10:00:42', '2016-07-20 10:16:51', '2016-07-20 10:16:51', 50242, 86205, 50242, 4, 0, 0),
(82, 3, 2, 6, 5, 'NO', '0', 'thomas pink style lauch delay trim card not available ', '2016-07-20 10:23:09', '2016-07-20 10:24:30', '2016-07-20 10:24:37', '2016-07-20 10:24:37', 20202, 20202, 20202, 4, 0, 0),
(83, 3, 1, 5, 18, 'NO', '0', 'style launch delay thomas pink, trim card not available ', '2016-07-20 10:25:13', '2016-07-20 12:45:00', '2016-07-20 12:45:00', '2016-07-20 12:46:59', 20202, 55554, 55554, 4, 0, 0),
(84, 3, 4, 1, 4, 'NO', '0', 'Tpuk top collar problem', '2016-07-21 03:40:31', '2016-07-21 04:05:23', '2016-07-21 04:04:20', '2016-07-21 04:05:23', 50084, 50634, 50084, 4, 0, 0),
(85, 3, 4, 3, 12, 'NO', '0', 'Lay out problm', '2016-07-21 03:42:53', '2016-07-21 05:06:49', '2016-07-21 05:07:20', '2016-07-21 05:07:20', 50084, 20202, 20202, 4, 0, 0),
(86, 4, 1, 4, 9, 'YES', '0', 'batam', '2016-07-21 04:07:54', '2016-07-21 04:20:46', '2016-07-21 04:20:52', '2016-07-21 04:20:52', 50706, 50706, 50706, 4, 0, 0),
(87, 1, 3, 1, 4, 'NO', '0', 'cuff embroidery placement fabric defect', '2016-07-21 04:12:01', '2016-07-21 04:28:48', '2016-07-21 04:28:53', '2016-07-21 04:28:53', 50242, 50242, 50242, 4, 0, 0),
(88, 4, 1, 4, 9, 'YES', '0', 'collar.feniseing', '2016-07-21 04:22:56', '2016-07-21 04:29:35', '2016-07-21 04:29:42', '2016-07-21 04:29:42', 50706, 50706, 50706, 4, 0, 0),
(89, 1, 3, 5, 2, 'NO', '0', 'cuff embroidery placement fabric defect', '2016-07-21 04:29:36', '2016-07-21 05:46:28', '2016-07-21 12:40:19', '2016-07-21 12:40:19', 50242, 50634, 20202, 4, 0, 2),
(90, 1, 2, 5, 16, 'NO', '0', 'back yoke att quality issue ', '2016-07-21 04:33:19', '2016-07-21 04:52:42', '2016-07-21 05:05:41', '2016-07-21 05:05:41', 50242, 50622, 50242, 4, 0, 0),
(91, 1, 3, 1, 4, 'NO', '0', 'cuff number mark visible.', '2016-07-21 04:55:53', '2016-07-21 05:05:29', '2016-07-21 09:29:37', '2016-07-21 09:29:37', 50622, 50622, 20202, 4, 0, 0),
(92, 2, 4, 4, 10, 'YES', '0', 'btn machine setting fir new style', '2016-07-21 05:01:42', '2016-07-21 05:03:50', '2016-07-21 05:04:38', '2016-07-21 05:04:38', 50705, 15902, 50705, 4, 0, 0),
(93, 2, 4, 4, 10, 'YES', '0', 'btn machine setting fir new style', '2016-07-21 05:01:44', '2016-07-21 05:03:02', '2016-07-21 05:05:10', '2016-07-21 05:05:10', 50705, 15902, 50705, 4, 0, 0),
(94, 1, 4, 4, 10, 'YES', '0', 'dye changing at collar blocking machine', '2016-07-21 05:11:43', '2016-07-21 05:14:49', '2016-07-21 05:16:49', '2016-07-21 05:16:49', 50705, 50705, 50705, 4, 0, 0),
(95, 1, 4, 4, 10, 'YES', '0', 'dye changing at collar blocking machine', '2016-07-21 05:11:44', '2016-07-21 05:14:36', '2016-07-21 05:16:56', '2016-07-21 05:16:56', 50705, 50705, 50705, 4, 0, 0),
(96, 4, 1, 5, 18, 'NO', '0', 'assembly collar attaching & collar finish quality problem', '2016-07-21 05:30:21', '2016-07-21 12:45:00', '2016-07-21 12:45:00', '2016-07-21 12:46:49', 50693, 55554, 55554, 4, 0, 0),
(97, 2, 4, 4, 10, 'YES', '0', 'collar blocking mch  with improper setting washing issue found ', '2016-07-21 05:35:29', '2016-07-21 05:35:38', '2016-07-21 05:38:31', '2016-07-21 05:38:31', 50705, 50705, 50705, 4, 0, 0),
(98, 1, 3, 1, 4, 'NO', '0', 'p/jc cuff inside cutting quality problem', '2016-07-21 06:08:16', '2016-07-21 09:29:46', '2016-07-21 09:29:52', '2016-07-21 09:29:52', 50242, 20202, 20202, 4, 0, 0),
(99, 2, 1, 8, 25, 'NO', '0', 'finishing not pulling. hangers not avail for UHS', '2016-07-21 06:53:56', '2016-07-21 08:22:55', '2016-07-21 08:23:00', '2016-07-21 08:23:00', 20202, 20202, 20202, 4, 0, 0),
(100, 2, 1, 8, 25, 'NO', '0', 'Fin Pcs not cleared frm Assm. Hangers not avai for UHS.', '2016-07-21 06:54:55', '2016-07-21 12:45:00', '2016-07-21 12:45:00', '2016-07-21 12:46:49', 50705, 55554, 55554, 4, 0, 0),
(101, 1, 3, 4, 10, 'YES', '0', 'cuff blocking mc setting improper.  kindly review', '2016-07-21 07:04:26', '2016-07-21 07:09:05', '2016-07-21 07:27:47', '2016-07-21 07:27:47', 50705, 50705, 50705, 4, 0, 0),
(102, 4, 3, 2, 19, 'NO', '0', 'Blocking RAMU not working and he his asking resignation letter.', '2016-07-21 07:04:51', '2016-07-21 07:14:15', '2016-07-21 11:35:40', '2016-07-21 11:35:40', 40404, 40404, 20202, 4, 0, 0),
(103, 4, 3, 4, 9, 'YES', '0', 'cuff btwn attaching mc problem', '2016-07-21 07:36:04', '2016-07-21 07:45:38', '2016-07-21 07:47:53', '2016-07-21 07:47:53', 50693, 50342, 50693, 4, 0, 0),
(104, 4, 6, 4, 9, 'YES', '0', 'sleeve box McDonald''s loose stitch', '2016-07-21 07:37:00', '2016-07-21 07:44:34', '2016-07-21 07:47:32', '2016-07-21 07:47:32', 50693, 50693, 50693, 4, 0, 0),
(105, 1, 4, 4, 9, 'YES', '0', 'neckband  tape att m/c problem', '2016-07-21 08:43:28', '2016-07-21 08:49:09', '2016-07-21 08:56:28', '2016-07-21 08:56:28', 50242, 50268, 50242, 4, 0, 0),
(106, 2, 4, 4, 10, 'YES', '0', 'die changing at clr blocking machine', '2016-07-21 09:07:49', '2016-07-21 09:08:00', '2016-07-21 09:16:04', '2016-07-21 09:16:04', 50705, 50705, 50705, 4, 0, 0),
(107, 3, 1, 1, 4, 'NO', '0', 'CAD issue button down template mesurement wrong', '2016-07-21 09:28:55', '2016-07-21 10:00:48', '2016-07-21 10:01:01', '2016-07-21 10:01:01', 20202, 20202, 20202, 4, 0, 0),
(108, 2, 4, 4, 10, 'YES', '0', 'need mechanic at clr blocking for die changing', '2016-07-21 09:51:15', '2016-07-21 09:51:23', '2016-07-21 10:05:46', '2016-07-21 10:05:46', 50705, 50705, 50705, 4, 0, 0),
(109, 2, 1, 4, 10, 'YES', '0', 'mc setting (guage change) for 1 line to load evng wear ', '2016-07-21 10:12:16', '2016-07-21 10:12:22', '2016-07-21 10:13:59', '2016-07-21 10:13:59', 50705, 50705, 50705, 4, 0, 0),
(110, 2, 1, 4, 10, 'YES', '0', '1/4" guage required for Evng shirt load at slv top mc', '2016-07-21 10:21:23', '2016-07-21 10:21:30', '2016-07-21 10:42:35', '2016-07-21 10:42:35', 50705, 50705, 50705, 4, 0, 0),
(111, 3, 3, 4, 9, 'YES', '0', 'cuff blocking machine', '2016-07-21 10:28:52', '2016-07-21 10:42:17', '2016-07-21 10:52:43', '2016-07-21 10:52:43', 20202, 20202, 20202, 4, 0, 0),
(112, 1, 4, 4, 9, 'YES', '0', 'collar n/b m/c not set properly', '2016-07-21 10:47:47', '2016-07-21 10:51:57', '2016-07-21 10:52:04', '2016-07-21 10:52:04', 50242, 50242, 50242, 4, 0, 0),
(113, 3, 1, 5, 17, 'NO', '0', 'approval required for button down bstlr', '2016-07-21 10:51:20', '2016-07-21 11:19:16', '2016-07-21 11:19:32', '2016-07-21 11:19:32', 20202, 50084, 50084, 4, 0, 0),
(114, 1, 4, 3, 12, 'NO', '0', 'seting properly no user ', '2016-07-21 10:53:48', '2016-07-21 10:54:17', '2016-07-21 10:54:25', '2016-07-21 10:54:25', 86205, 50242, 50242, 4, 0, 0),
(115, 3, 3, 5, 2, 'NO', '0', 'sticker low gum ', '2016-07-21 10:56:05', '2016-07-21 11:03:35', '2016-07-21 12:37:17', '2016-07-21 12:37:17', 20202, 50634, 20202, 4, 0, 0),
(116, 4, 4, 4, 9, 'YES', '0', 'collar top stitch mc problem', '2016-07-21 10:56:45', '2016-07-21 11:02:58', '2016-07-21 11:04:44', '2016-07-21 11:04:44', 50693, 50706, 50706, 4, 0, 0),
(117, 1, 4, 5, 17, 'NO', '0', 'neckband hem stopped', '2016-07-21 11:04:52', '2016-07-21 11:20:17', '2016-07-21 11:21:05', '2016-07-21 11:21:05', 50242, 50622, 50242, 4, 0, 0),
(118, 3, 3, 4, 9, 'YES', '0', 'cuff blocking', '2016-07-21 11:08:12', '2016-07-21 11:11:13', '2016-07-21 11:27:43', '2016-07-21 11:27:43', 20202, 20202, 20202, 4, 0, 0),
(119, 2, 3, 4, 9, 'YES', '0', 'battan mc', '2016-07-21 11:33:36', '2016-07-21 11:33:47', '2016-07-21 11:39:16', '2016-07-21 11:39:16', 50592, 15902, 50592, 4, 0, 0),
(120, 4, 6, 5, 16, 'NO', '0', 'sleeve plkt lroning problem sleeve section slow down', '2016-07-21 11:39:33', '2016-07-21 12:32:50', '2016-07-21 12:32:56', '2016-07-21 12:32:56', 50706, 20202, 20202, 4, 0, 0),
(122, 3, 2, 1, 4, 'NO', '0', 'Tpuk panel wrong cut', '2016-07-21 12:19:55', '2016-07-21 12:25:46', '2016-07-21 12:38:29', '2016-07-21 12:38:29', 50084, 50084, 20202, 4, 0, 0),
(181, 2, 5, 4, 10, 'YES', '0', 'Need electrician at right hem op', '2016-07-22 03:29:59', '2016-07-22 03:31:38', '2016-07-22 04:19:47', '2016-07-22 04:19:47', 50705, 15902, 25505, 4, 0, 0),
(182, 2, 5, 9, 27, 'NO', '123', 'all frt bundle are laying on iron table', '2016-07-22 03:42:20', '2016-07-22 03:59:59', '2016-07-22 04:00:33', '2016-07-22 04:00:33', 25505, 25505, 25505, 4, 0, 0),
(183, 3, 4, 1, 1, 'NO', '0', 'collar natch problem', '2016-07-22 03:59:46', '2016-07-22 04:01:14', '2016-07-22 08:40:47', '2016-07-22 08:40:47', 50631, 50631, 40404, 4, 0, 0),
(184, 1, 6, 4, 9, 'YES', '0', 'sleeve placket m/c problem', '2016-07-22 04:11:27', '2016-07-22 04:13:29', '2016-07-22 05:30:52', '2016-07-22 05:30:52', 50242, 50268, 20202, 4, 0, 0),
(185, 2, 5, 4, 10, 'YES', '0', 'kansai mc setting delay from past 10 mins not solved', '2016-07-22 04:27:21', '2016-07-22 04:32:59', '2016-07-22 04:39:53', '2016-07-22 04:39:53', 50705, 50705, 50705, 4, 0, 0),
(186, 4, 1, 5, 16, 'NO', '0', 'collar finishing midle out problem production slow down', '2016-07-22 04:50:50', '2016-07-22 06:14:49', '2016-07-22 06:35:47', '2016-07-22 06:35:47', 50693, 50592, 50598, 4, 0, 0),
(187, 1, 4, 6, 5, 'NO', '0', 'secondary label quality problem', '2016-07-22 05:05:38', '2016-07-22 07:04:50', '2016-07-22 07:06:05', '2016-07-22 07:06:05', 50242, 40404, 40404, 4, 0, 0),
(188, 3, 2, 6, 7, 'NO', '0', 'Tpuk label problem', '2016-07-22 05:23:35', '2016-07-22 05:36:25', '2016-07-22 05:38:49', '2016-07-22 05:38:49', 50084, 50370, 50084, 4, 0, 0),
(189, 3, 4, 1, 4, 'NO', '0', 'Best.collar notch problem', '2016-07-22 05:24:55', '2016-07-22 07:10:20', '2016-07-22 07:11:47', '2016-07-22 07:11:47', 50084, 50084, 40404, 4, 0, 0),
(190, 3, 5, 6, 8, 'NO', '0', 'front Kansai mc charcoal lnterlining rolle mc problem ', '2016-07-22 05:25:45', '2016-07-22 05:36:13', '2016-07-22 06:30:01', '2016-07-22 06:30:01', 50693, 50370, 50592, 4, 0, 0),
(191, 3, 3, 4, 9, 'YES', '0', 'cuff bh mc jam ', '2016-07-22 05:49:34', '2016-07-22 05:56:20', '2016-07-22 05:56:29', '2016-07-22 05:56:29', 50598, 50598, 50598, 4, 0, 0),
(192, 2, 5, 9, 27, 'NO', '0', 'uhs not fiding ', '2016-07-22 06:13:41', '2016-07-22 06:15:17', '2016-07-22 06:29:11', '2016-07-22 06:29:11', 50592, 50592, 50705, 4, 0, 0),
(193, 3, 1, 9, 29, 'NO', '0', 'no feeding matching', '2016-07-22 06:18:09', '2016-07-22 07:41:26', '2016-07-22 08:42:15', '2016-07-22 08:42:15', 13799, 50598, 40404, 4, 0, 0),
(194, 4, 6, 5, 16, 'NO', '0', 'sleeve plkacket up&down', '2016-07-22 06:19:23', '2016-07-22 06:35:24', '2016-07-22 07:06:26', '2016-07-22 07:06:26', 50598, 50598, 50598, 4, 0, 0),
(195, 2, 5, 4, 9, 'YES', '0', 'btn attach mc prob. kindly review. ', '2016-07-22 06:23:03', '2016-07-22 06:23:15', '2016-07-22 06:28:40', '2016-07-22 06:28:40', 50705, 50705, 50705, 4, 0, 0),
(196, 3, 5, 4, 9, 'YES', '0', 'Kansi machine', '2016-07-22 06:25:20', '2016-07-22 06:28:09', '2016-07-22 06:28:19', '2016-07-22 06:28:19', 50084, 50084, 50084, 4, 0, 0),
(197, 3, 4, 1, 4, 'NO', '0', 'collar cutting bundling wrong ', '2016-07-22 06:32:46', '2016-07-22 07:08:58', '2016-07-22 08:43:08', '2016-07-22 08:43:08', 50598, 50634, 50084, 4, 0, 0),
(198, 3, 5, 4, 9, 'YES', '0', 'front kanasai mc problem', '2016-07-22 06:38:39', '2016-07-22 06:56:37', '2016-07-22 07:24:30', '2016-07-22 07:24:30', 50598, 50598, 50084, 4, 0, 0),
(199, 4, 4, 4, 9, 'YES', '0', 'collar top stitch mc problem', '2016-07-22 06:48:20', '2016-07-22 06:52:53', '2016-07-22 07:06:15', '2016-07-22 07:06:15', 50598, 50342, 50598, 4, 0, 1),
(200, 3, 4, 1, 4, 'NO', '0', 'collar inside notch wrong', '2016-07-22 06:53:45', '2016-07-22 07:09:36', '2016-07-22 08:42:52', '2016-07-22 08:42:52', 50598, 50634, 40404, 4, 0, 0),
(201, 3, 4, 1, 4, 'NO', '0', 'collar cutting notch wrong quality problem', '2016-07-22 06:54:49', '2016-07-22 07:09:52', '2016-07-22 08:43:02', '2016-07-22 08:43:02', 50598, 50634, 40404, 4, 0, 0),
(202, 2, 3, 4, 9, 'YES', '0', 'cuff point turning machine breakdown. kindly review', '2016-07-22 07:01:43', '2016-07-22 07:01:49', '2016-07-22 07:11:56', '2016-07-22 07:11:56', 50705, 50705, 50705, 4, 0, 0),
(203, 2, 1, 8, 25, 'NO', '0', 'repear issue frm past 1 week. Fin pcs not clrd frm Assm area. ', '2016-07-22 07:42:47', '2016-07-22 12:45:00', '2016-07-22 12:45:00', '2016-07-22 12:46:45', 50705, 55554, 55554, 4, 0, 0),
(204, 3, 4, 1, 4, 'NO', '0', 'Tpuk twill direction wrong', '2016-07-22 08:35:40', '2016-07-22 12:45:00', '2016-07-22 12:45:00', '2016-07-22 12:46:45', 50084, 55554, 55554, 4, 0, 0),
(205, 2, 4, 4, 9, 'YES', '0', 'clr top stitch m/c breakdown. kindly review. ', '2016-07-22 09:23:58', '2016-07-22 09:24:03', '2016-07-22 09:34:56', '2016-07-22 09:34:56', 50705, 50705, 50705, 4, 0, 0),
(206, 4, 1, 9, 29, 'NO', '0', 'collar finishing operation slow down ', '2016-07-22 09:41:24', '2016-07-22 12:45:00', '2016-07-22 12:45:00', '2016-07-22 12:46:45', 50598, 55554, 55554, 4, 0, 0),
(207, 4, 2, 1, 4, 'NO', '0', 'back split yoke line matching problem', '2016-07-22 09:43:14', '2016-07-22 12:45:00', '2016-07-22 12:45:00', '2016-07-22 12:46:45', 50598, 55554, 55554, 4, 0, 0),
(208, 4, 1, 4, 9, 'YES', '0', 'bottom mc problem', '2016-07-22 10:15:49', '2016-07-22 10:24:36', '2016-07-22 10:25:08', '2016-07-22 10:25:08', 50598, 50706, 50706, 4, 0, 0),
(209, 4, 1, 4, 9, 'YES', '0', 'batam', '2016-07-22 10:15:50', '2016-07-22 10:23:54', '2016-07-22 10:24:58', '2016-07-22 10:24:58', 50706, 50706, 50706, 4, 0, 0);

-- --------------------------------------------------------

--
-- Table structure for table `problem`
--

CREATE TABLE IF NOT EXISTS `problem` (
  `prob_id` int(11) NOT NULL AUTO_INCREMENT,
  `dept_id` int(11) NOT NULL,
  `name` varchar(255) NOT NULL,
  PRIMARY KEY (`prob_id`),
  KEY `fk_problem` (`dept_id`)
) ENGINE=MyISAM  DEFAULT CHARSET=latin1 AUTO_INCREMENT=30 ;

--
-- Dumping data for table `problem`
--

INSERT INTO `problem` (`prob_id`, `dept_id`, `name`) VALUES
(1, 1, 'Loading Problem'),
(3, 1, 'Re-Cutting Problem'),
(4, 1, 'Other Problem'),
(5, 6, 'Quality Problem'),
(6, 6, 'Wrong Trims Issued'),
(7, 6, 'Mixing Trims Problem'),
(8, 6, 'Other Problem'),
(9, 4, 'Machine Breakdown'),
(10, 4, 'Machine Settings'),
(11, 4, 'Other Problem'),
(12, 3, 'Allocated Operator Unavailable'),
(13, 3, 'Machine not available'),
(14, 3, 'Balancing Not Done'),
(15, 3, 'Other Problem'),
(2, 5, 'Cutting Quality'),
(16, 5, 'Sewing alteration'),
(17, 5, 'Quality approval'),
(18, 5, 'Other Problem'),
(19, 2, 'Operator Discipline'),
(20, 2, 'Unplanned Absenteeism'),
(21, 2, 'Other Problem'),
(22, 7, 'Operator Handling Problem'),
(23, 7, 'Skills Problem'),
(24, 7, 'Other Problem'),
(25, 8, 'No Pulling'),
(26, 8, 'Other Problem'),
(27, 9, 'No Monitoring'),
(28, 9, 'Feeding Helper Problem'),
(29, 9, 'Other Problem');

-- --------------------------------------------------------

--
-- Table structure for table `section`
--

CREATE TABLE IF NOT EXISTS `section` (
  `sec_id` int(11) NOT NULL AUTO_INCREMENT,
  `name` varchar(255) NOT NULL,
  PRIMARY KEY (`sec_id`)
) ENGINE=MyISAM  DEFAULT CHARSET=latin1 AUTO_INCREMENT=7 ;

--
-- Dumping data for table `section`
--

INSERT INTO `section` (`sec_id`, `name`) VALUES
(1, 'Assembly'),
(2, 'Back'),
(3, 'Cuff'),
(4, 'Collar'),
(5, 'Front'),
(6, 'Sleeve');

-- --------------------------------------------------------

--
-- Table structure for table `user`
--

CREATE TABLE IF NOT EXISTS `user` (
  `user_id` int(11) NOT NULL,
  `username` varchar(255) NOT NULL,
  `email` varchar(255) NOT NULL,
  `password` varchar(255) NOT NULL,
  `level` int(5) NOT NULL,
  `desgn_id` int(11) NOT NULL,
  `mobile` varchar(50) NOT NULL,
  `auth_token` varchar(255) DEFAULT NULL,
  `instance_token` varchar(255) DEFAULT NULL,
  PRIMARY KEY (`user_id`)
) ENGINE=MyISAM DEFAULT CHARSET=latin1;

--
-- Dumping data for table `user`
--

INSERT INTO `user` (`user_id`, `username`, `email`, `password`, `level`, `desgn_id`, `mobile`, `auth_token`, `instance_token`) VALUES
(50138, 'Sadashiv Naik', 'sadashiv_naik@laguna-clothing.com', 'aeb20dfffa29495820cc5873ba31e4d9', 2, 35, '9739941166', 'EM6lpsKTDnUHyQRjgB6Z', NULL),
(50084, 'Veerbhadraiah S C', '', '90736ab937f0d7e37ffa7cf5f69c01ba', 0, 42, '9972226320', '1z2LGEAfKL1zNYbZ3Zor', NULL),
(50598, 'Badekhan Basarigidada', '', '2d5115042d1b095eeb34b2c518712fd9', 0, 40, '9902503876', '4eLeeYVQifgGkbzOMcFI', NULL),
(50631, 'Anil Kumar', '', '81dc9bdb52d04dc20036dbd8313ed055', 0, 41, '8861763339', 'caZQnUDmoGt67pXCz0Xi', NULL),
(50580, 'Pooja', 'pooja_sn@laguna-clothing.com', 'd3da45d47812b93b23b354079ecd695b', 4, 39, '9980093003', 'oqDjM4AEnRoY0GibAMob', NULL),
(50418, 'Rudraswamy M C', '', '762a169d48fcb142ea8f285b1fd9da47', 0, 41, '9741029624', 'P07CQtyXRWnZaSkpCMIU', NULL),
(50622, 'Kumar M', '', 'beba3d1f306cd34ed7ddda51ce0a3dad', 0, 42, '9742288156', 'hDobUsTG3GP2E13sKMmf', NULL),
(50242, 'Bassapa', '', '8fb8bf5b96b8a68d117748ef966cafc1', 0, 40, '9620975664', 'joltNq1kh9qg3KxLUee3', NULL),
(50038, 'Basavaraju H M', '', 'aab185a0b33d014157e1519445587d1f', 0, 41, '9148042886', 'pMARChQztoNIcxE2Cq4f', NULL),
(50510, 'Geetha Shedthi', '', '8a5114a3f721b1a52e28f7ee4531a089', 1, 12, '9663410419', 'SfUxoCIWgRUxOEz4053M', NULL),
(13055, 'Shivagirijama B N', '', '77e1a1699081e03a3620a03c1a70f4d4', 1, 11, '8197787097', 'fbRitHbbGeDEkz5n9p85', NULL),
(50370, 'Noorulla N', '', 'b9a0e5ec9012d04ddf45f611318bdd8f', 1, 14, '9901114039', 'PHCyjqsIeHiqCGHGpBvm', NULL),
(50532, 'Devivara Prasad', '', 'af348b048a519757ae586c57399bde51', 1, 43, '9916791058', 'QjSdXfcwl9UGMYaPb7zf', NULL),
(50658, 'Sumit Kharb', '', '7a05db41ca63dbf71ec11d08b8cf6606', 2, 32, '7022067700', NULL, NULL),
(50303, 'Premanand G S', '', '0bdbfa066ee664e1b21a94e81229802c', 1, 23, '9483807440', NULL, NULL),
(50246, 'Yogesh', '', 'd23721904d77298e19178eda6af36522', 1, 9, '9844029665', '82fv6ZpHk66BF6Bhlw6l', NULL),
(50308, 'Umesh Y B', '', '9047bcf74f2ffc5c56b944382c6cf44c', 1, 8, '9742414209', NULL, NULL),
(50345, 'Sundara C', '', 'b237700308f552f88d249eadf4973020', 1, 7, '9538242388', 'M4sxpJ7mGq09KgnPjbbI', NULL),
(50186, 'Vikas Shrivastav', '', 'c5f82d5b13e40a68f87b0e113c801ff1', 2, 27, '9620333831', 'ujfC9zyRYQFHgp1h8xW1', NULL),
(50518, 'G Vijaykumar', '', 'faac925e681eaa11b7be6a759a2f09f5', 1, 6, '9739322779', NULL, NULL),
(50108, 'Efren Mario Rosales', '', '00a2c879f8d72c6b90e30c439e59dabc', 3, 38, '9739900518', 'HbWgckqRWseBaPAhT9yf', NULL),
(50614, 'Mohan Kumar SC', '', '4b5e05301b84041b720c8b59cea3df86', 1, 5, '9886655948', 'pTpkZ1zscm8mAL65Iw0i', NULL),
(50680, 'Pradeepa N', '', '65eb5cd761a33659479ff5747b139541', 1, 22, '9740237214', NULL, NULL),
(50302, 'Koushik M N', '', '990cd575b413d3038ac5ecf23079b910', 1, 22, '9743880653', NULL, NULL),
(50399, 'Venugopala', '', '6181d9db656efc991aa323a7c824443c', 1, 21, '9844539193', 'yJtYwzpWUH0owzaEKrJ9', NULL),
(50481, 'Sandeep A P', '', 'e0c0166ca3c3283acd6be511b24f922f', 1, 20, '7760752506', '02iYyEnLk7dAWG5M6pJk', NULL),
(50478, 'Shankar M M', '', '76290464d27c571130f256abd4e9c74c', 1, 19, '9743209128', NULL, NULL),
(50571, 'Ningegodwa S', '', 'fd1cf9c232ef3704735da30e6c96ebf4', 1, 19, '9880482420', NULL, NULL),
(50270, 'Shivlinge Godwa K N', '', '8976d1ded96cbc40f029bb1ab2f20291', 1, 18, '7090981263', 'AnEJbhahGMc4kucJhT6r', NULL),
(50342, 'Naveenkumar V M', '', 'b2b0b006abe2e8ca265a6c059de9e61a', 1, 18, '9900963733', '6ouA3PvCSOsxauGAS79o', NULL),
(50611, 'Jay Khadka', '', 'e47ca82e56576468aa4f7ba1c1b02f77', 1, 17, '9686954665', '1cGEpITCRuALYlZxwo6E', NULL),
(15902, 'Venu gopal G', '', '791beb6cc08ab8e2d4a161faebb15b53', 1, 16, '9986736672', 'AibWN03cGm3j3AuPfNqq', NULL),
(50647, 'Ramesh T A', '', '5996fa1f684e1b1583d7b741246e1116', 1, 15, '8861514520', 'W35sXRu1xHJCNq8GPAba', NULL),
(50268, 'Shivakumar S', '', '03e2c9213e79169fa937dbc91726a016', 1, 15, '9880144411', 'FY4VPQDmUK7ErmDuieei', NULL),
(50549, 'J Charles', '', '51d4d63efbb20478a60ff64183e0a3f6', 2, 30, '9739165457', 'jpEwZDuza0tLXpOkleFH', NULL),
(50617, 'Guruprasad M E', '', '4a7d1ed414474e4033ac29ccb8653d9b', 1, 24, '8722929234', 'n3Lw4NehzNrX37yLZCXA', NULL),
(50520, 'Mamin Khan', '', 'fef1a9a2f7c8ef2bd7cc75f7c703b447', 1, 13, '9972858931', 'ucKaTpM0Hd4D6iWUHzbg', NULL),
(50230, 'Rohit Singh', 'rohit_singh@laguna-clothing.com', 'e1ddfee0eb154b05a49d25be33f4cfce', 2, 31, '8197540090', 'Ack59FEiDQDXKKVtwAD9', NULL),
(50522, 'Srinivas A L', 'srinivas_al@laguna-clothing.com', '5f83d0bb9b7dc85d2b33b49bd6c4ba41', 3, 36, '9880895636', '16hxTmFFvJpxhIjTyysK', NULL),
(50464, 'Puneet Kumar C', '', '9d324575d56a6a2fe04ae898f5cf873c', 1, 2, '9742938546', NULL, NULL),
(50525, 'Prashanth', '', 'b02bffd7ed6f384ac704d85407a08959', 1, 1, '9535868143', 'qORYINK5kcuh4KLe4uQP', NULL),
(50395, 'Nataraju B', 'nataraju_b@laguna-clothing.com', 'f38d90f27e4ea8b7ce92c5b645d9ab9b', 2, 28, '9341625995', '91PufNHF5hB1xtVg5wyL', NULL),
(50437, 'Santosh M.R', '', 'f87e8e14abbb52450b902cc42900af58', 1, 4, '9902768880', NULL, NULL),
(50193, 'Madanraj', '', 'e10c1c89af410a0e4a52cf9f43dfad70', 1, 3, '9972433936', 'WbQz0O6w5KyslGZ4PaHo', NULL),
(50295, 'Smitha', 'smitha_shetty@laguna-clothing.com', 'bcb857fd5f707e56a546c615748c4b03', 2, 34, '9663766061', NULL, NULL),
(50552, 'Jeevraj P', '', '8b3ac9a93d73d9af70e874892720ef77', 2, 29, '9902252240', 'Q6FRVaZrmPGQss4swo7G', NULL),
(50287, 'Yogesh A P', '', '9347ec4581105cb439fad487a0eaaf5e', 2, 25, '9164037945', 'Mk16u6MkvGMYgKp57BIc', NULL),
(55555, 'Md Zahid Raza', 'zahid7292@gmail.com', 'e216a2398ad1bdfd5e3460888e333fbb', 4, 39, '8083237421', 'l3QP1zNKdG5IVueo6FNV', NULL),
(50634, 'Ramesh Bangera', 'ramesh_bangera@laguna-clothing.com', '026e345b578e6c58c463c6f168c3738f', 2, 26, '9035801001', '4PmtIwrrIjS5FfIK4dyP', NULL),
(50254, 'Suresh M', '', 'd5953794bf6beced442ccd0e49f15b22', 1, 16, '9663772888', 'sm5e7pC8QR4Fa6pkSmCr', NULL),
(50703, 'Punith', '', '54466289cefe2a2321dd09d784f406b8', 1, 20, '9964223277', NULL, NULL),
(50619, 'Santosh', '', '3fe08ccb0b16c5e65e6d73c4873f0c51', 1, 10, '9591562092', NULL, NULL),
(12345, 'Ramachandran', 'ram_p@laguna-clothing.com', '6e1af54754501ba9515fba9c77a52aa3', 2, 33, '9886692718', '1GMeYoWssUsPFTG06dKj', NULL),
(55550, 'Developer', 'raza30492@gmail.com', 'c651148415ab2a260e6c506075c12ae3', 0, 42, '8083237421', '220dJzrV6G3ro8XvbOOZ', NULL),
(50581, 'Kantharaju', 'kantharaja_hs@laguna-clothing.com', '1e4733b556d64a024d7a8d5620be4aba', 4, 39, '7760323053', 'J3fS3URml8ZofXxtaE7z', NULL),
(50126, 'Srinivas H P', '', 'fc72cfaaf6e9e9bff4006a53d6414585', 0, 42, '9986692825', 'C9bgxagqClPj4AGCd6qw', NULL),
(50705, 'Shrikanth', '', '47a7f2c033801a8185243e6ca8df5fae', 0, 40, '8105275819', 'ImZaijpxho5866xdBN7O', NULL),
(54321, 'Manish Sinha', 'manish_sinha@laguna-clothing.com', '424435d63b8d29a87be34d94f7c743de', 3, 37, '9739995006', NULL, NULL),
(50706, 'Raju N', '', 'e49bd2dbae693262d745d96a289b6149', 0, 41, '7411279775', 'LSGfHK7sVibd7taZDWg0', NULL),
(13799, 'Manjula', '', 'd7cbe21db22a1f3446e8108f375f4046', 0, 53, '7338507959', 'JDV6WTU70P4ogvEB4PWv', NULL),
(50369, 'Girisha M', '', '81dc9bdb52d04dc20036dbd8313ed055', 0, 42, '9739001824', 'wYNpLs7ROPi49XbefebV', NULL),
(50128, 'Venkatesh', '', 'e4aaa6c0c4ffe208218a0b07aead3001', 1, 56, '7760115645', 'l3l4dgKeYdpLhJfxlIQF', NULL),
(50635, 'Bettuppa', '', '147f883c5176c5765b9e9e4f2be0c8ab', 1, 57, '9739978128', NULL, NULL),
(50593, 'Rajesh', '', 'ad2b828999c31e6fb14a3420373f0276', 1, 56, '8095757543', NULL, NULL),
(50564, 'Sakshi ', '', '994ea7649571caa705fb113ccd253111', 1, 55, '8197799654', 'vdTWZjaIqkrBrrEewke8', NULL),
(50539, 'Kushagra', '', '9aac67b230f2b4f0ae9ece9ed48eb0e7', 1, 55, '8197053741', 'yZXpNIA9giCy8am5YSkn', NULL),
(50708, 'Aparna Singh', '7899388742', '499751d90c85362ecae83ee6e02b9e2b', 1, 55, '7899388742', 'cZHdDtZIZm0xGtxecYlp', NULL),
(50707, 'Antara Paul', '', '8e51d73067b9b8bdee62cefb99ef3092', 1, 55, '7406297926', NULL, NULL),
(50637, 'Pushpa', '', 'bf0ec0aa0c4d8c805a5020ae9288ad1c', 2, 54, '9342271649', NULL, NULL),
(20672, 'Shivarudramma ', '', '72b65faced0f09a54345f1bf372a4ba7', 1, 47, '8861443656', NULL, NULL),
(50671, 'Shivarudramma ', '', '72b65faced0f09a54345f1bf372a4ba7', 1, 46, '8861443656', NULL, NULL),
(12915, 'Prena ', '', 'a21efa42c22bf75916d10c88124b18fe', 1, 44, '9739437538', NULL, NULL),
(17951, 'pushpath', '', 'a76aa2a71e02b698faa7f4842ddfbc9b', 1, 45, '9739318711', 'NlIEtjuF6UcBZ2kK90yP', NULL),
(50592, 'Chandru Kumar', '', '30c0450b60db265c0377a768394249a9', 0, 53, '9739783635', 'mWO3CKiWiLc5yHjZKqpz', NULL),
(50693, 'Ramalinga Nayka', '', '55645e1a78cb111d523a2cbb9f50c8b0', 0, 53, '9008835457', 'fuxWjQBI0S1m6R1ZSJnk', NULL),
(14598, 'Manu Kumar V.R.', '', '9d4a74c2699962149cb20b47a1092294', 0, 53, '9611829510', NULL, NULL),
(55554, 'Application', '', '60a6f73347a89abf5558557064d08349', 0, 40, '8987525008', NULL, NULL),
(25505, 'Jeevaraj', 'jeev_digi@yahoo.co.in', '356906d1559d2dba0bdef3a7e0dbbbe6', 0, 53, '9902252240', 'LuFLuxucrFAAPrU7clKk', NULL),
(40404, 'Akanksha Singh', '', '68d309812548887400e375eaa036d2f1', 0, 42, '9916274179', 'tImI9djjPbZBe0elNik2', NULL),
(17171, 'Sajni Parikh', '', '520a948894951d913ea7d79cdcd3d7ca', 0, 42, '9825035643', 'oNMSFon2JFt7peKTAGzU', NULL),
(19791, 'Kantharaju', '', 'cc11641516be48f73ed4915248b90ebe', 0, 42, '7348846544', NULL, NULL),
(20202, 'Milan ', '', '65890af0481c757f060b4a34a24fbed4', 0, 42, '9663410819', 'Fd4wdlJmOCsqLZXOZdeS', NULL),
(50216, 'Raju', '', '864d7510e818923e1f46dd061cf33802', 2, 25, '9611308072', 'J3cq0JluNkHPmq1fVtgu', NULL),
(50312, 'B Gowda', '', 'e7742aecbebd82358f1542f3b1a374a5', 1, 3, '9591156368', 'NooTPMeMl9sXw828x71C', NULL),
(50416, 'Manju', '', '598fdb3ebc4444b77cfe2bb6dce19750', 1, 4, '7899336809', NULL, NULL),
(86205, 'Shivakumar S', '', '03e2c9213e79169fa937dbc91726a016', 0, 53, '9880144411', 'cD3N6mvgX3vpV4S4Oxod', NULL),
(20951, 'Venu gopal G', '', '791beb6cc08ab8e2d4a161faebb15b53', 0, 53, '9986736672', '1DGUsMo1eFZ25AHEWz5W', NULL);

DELIMITER $$
--
-- Events
--
CREATE DEFINER=`developer`@`localhost` EVENT `forgot_pass_event` ON SCHEDULE EVERY 1 DAY STARTS '2016-06-24 11:00:00' ON COMPLETION NOT PRESERVE ENABLE DO DELETE FROM forgot_password WHERE DATEDIFF(NOW(),time) > 1$$

DELIMITER ;

/*!40101 SET CHARACTER_SET_CLIENT=@OLD_CHARACTER_SET_CLIENT */;
/*!40101 SET CHARACTER_SET_RESULTS=@OLD_CHARACTER_SET_RESULTS */;
/*!40101 SET COLLATION_CONNECTION=@OLD_COLLATION_CONNECTION */;
