-- phpMyAdmin SQL Dump
-- version 4.0.10.14
-- http://www.phpmyadmin.net
--
-- Host: localhost:3306
-- Generation Time: Jul 23, 2016 at 07:18 AM
-- Server version: 5.6.30
-- PHP Version: 5.4.31

SET SQL_MODE = "NO_AUTO_VALUE_ON_ZERO";
SET time_zone = "+05:30";


/*!40101 SET @OLD_CHARACTER_SET_CLIENT=@@CHARACTER_SET_CLIENT */;
/*!40101 SET @OLD_CHARACTER_SET_RESULTS=@@CHARACTER_SET_RESULTS */;
/*!40101 SET @OLD_COLLATION_CONNECTION=@@COLLATION_CONNECTION */;
/*!40101 SET NAMES utf8 */;

--
-- Database: `andonsys`
--

-- --------------------------------------------------------

--
-- Dumping data for table `department`
--

INSERT INTO `department` (`dept_id`, `name`) VALUES
(1, 'Cutting'),
(2, 'Human Resource'),
(3, 'Industrial Engineering'),
(4, 'Maintenance'),
(5, 'Quality'),
(6, 'Trims'),
(7, 'Training'),
(8, 'Finishing'),
(9, 'Production');

-- --------------------------------------------------------

--
-- Dumping data for table `desgn_line`
--

INSERT INTO `desgn_line` (`desgn_id`, `line`) VALUES
(1, 1),
(1, 2),
(1, 3),
(1, 4),
(2, 5),
(2, 6),
(2, 7),
(2, 8),
(3, 1),
(3, 2),
(3, 3),
(3, 4),
(4, 5),
(4, 6),
(4, 7),
(4, 8),
(5, 1),
(5, 2),
(5, 3),
(5, 4),
(6, 5),
(6, 6),
(6, 7),
(6, 8),
(7, 1),
(7, 2),
(7, 3),
(7, 4),
(8, 5),
(8, 6),
(8, 7),
(8, 8),
(9, 1),
(9, 2),
(9, 3),
(9, 4),
(10, 5),
(10, 6),
(10, 7),
(10, 8),
(11, 1),
(11, 2),
(11, 3),
(11, 4),
(12, 5),
(12, 6),
(12, 7),
(12, 8),
(13, 0),
(14, 0),
(15, 1),
(16, 2),
(17, 3),
(18, 4),
(19, 5),
(20, 6),
(21, 7),
(22, 8),
(23, 0),
(24, 0),
(25, 0),
(26, 0),
(27, 0),
(28, 0),
(29, 0),
(30, 0),
(31, 0),
(32, 0),
(33, 0),
(34, 0),
(35, 0),
(36, 0),
(37, 0),
(38, 0),
(44, 1),
(45, 2),
(46, 3),
(47, 4),
(48, 5),
(49, 6),
(50, 7),
(51, 8),
(52, 0),
(54, 0),
(55, 0),
(56, 0),
(57, 0);

-- --------------------------------------------------------

--
-- Dumping data for table `desgn_problem`
--

INSERT INTO `desgn_problem` (`desgn_id`, `prob_id`) VALUES
(1, 1),
(1, 2),
(1, 3),
(1, 4),
(1, 6),
(1, 7),
(1, 8),
(1, 12),
(1, 13),
(1, 14),
(1, 15),
(1, 20),
(1, 14),
(1, 27),
(1, 28),
(1, 29),
(2, 1),
(2, 2),
(2, 3),
(2, 4),
(2, 6),
(2, 7),
(2, 8),
(2, 12),
(2, 13),
(2, 14),
(2, 15),
(2, 20),
(2, 21),
(2, 27),
(2, 28),
(2, 29),
(3, 1),
(3, 2),
(3, 3),
(3, 4),
(4, 1),
(4, 2),
(4, 3),
(4, 4),
(5, 1),
(5, 2),
(5, 3),
(5, 4),
(5, 6),
(5, 7),
(5, 8),
(5, 12),
(5, 13),
(5, 14),
(5, 15),
(5, 20),
(5, 21),
(5, 27),
(5, 28),
(5, 29),
(6, 1),
(6, 2),
(6, 3),
(6, 4),
(6, 6),
(6, 7),
(6, 8),
(6, 12),
(6, 13),
(6, 14),
(6, 15),
(6, 20),
(6, 21),
(6, 27),
(6, 28),
(6, 29),
(7, 2),
(7, 5),
(7, 16),
(7, 17),
(7, 18),
(8, 2),
(8, 5),
(8, 16),
(8, 17),
(8, 18),
(9, 9),
(9, 10),
(9, 11),
(10, 9),
(10, 10),
(10, 11),
(11, 19),
(11, 20),
(11, 21),
(12, 19),
(12, 20),
(12, 21),
(13, 5),
(14, 6),
(14, 7),
(14, 8),
(15, 9),
(15, 10),
(15, 11),
(16, 9),
(16, 10),
(16, 11),
(17, 9),
(17, 10),
(17, 11),
(18, 9),
(18, 10),
(18, 11),
(19, 9),
(19, 10),
(19, 11),
(20, 9),
(20, 10),
(20, 11),
(21, 9),
(21, 10),
(21, 11),
(22, 9),
(22, 10),
(22, 11),
(23, 9),
(23, 10),
(23, 11),
(24, 9),
(24, 10),
(24, 11),
(25, 1),
(25, 2),
(25, 3),
(25, 4),
(26, 1),
(26, 2),
(26, 3),
(26, 4),
(27, 2),
(27, 5),
(27, 16),
(27, 17),
(27, 18),
(28, 5),
(28, 6),
(28, 7),
(28, 8),
(28, 25),
(28, 26),
(29, 9),
(29, 10),
(29, 11),
(30, 9),
(30, 10),
(30, 11),
(31, 12),
(31, 13),
(31, 14),
(31, 15),
(32, 12),
(32, 13),
(32, 14),
(32, 15),
(32, 22),
(32, 23),
(32, 24),
(33, 2),
(33, 5),
(33, 16),
(33, 17),
(33, 18),
(34, 19),
(34, 20),
(34, 21),
(35, 19),
(35, 20),
(35, 21),
(36, 0),
(37, 0),
(38, 2),
(38, 5),
(38, 16),
(38, 17),
(38, 18),
(44, 22),
(44, 23),
(44, 24),
(45, 22),
(45, 23),
(45, 24),
(46, 22),
(46, 23),
(46, 24),
(47, 22),
(47, 23),
(47, 24),
(48, 22),
(48, 23),
(48, 24),
(49, 22),
(49, 23),
(49, 24),
(50, 22),
(50, 23),
(50, 24),
(51, 22),
(51, 23),
(51, 24),
(52, 1),
(54, 22),
(54, 23),
(54, 24),
(55, 17),
(55, 18),
(56, 25),
(56, 26),
(57, 25),
(57, 26);

-- --------------------------------------------------------

--
-- Dumping data for table `designation`
--

INSERT INTO `designation` (`desgn_id`, `name`, `level`) VALUES
(1, 'Floor IE 1st Floor', 1),
(2, 'Floor IE 2nd Floor', 1),
(3, 'Cutting Executive 1st Floor', 1),
(4, 'Cutting Executive 2nd Floor', 1),
(5, 'Production Manager 1st Floor', 1),
(6, 'Production Manager 2nd Floor', 1),
(7, 'Senior Executive Quality 1st Floor', 1),
(8, 'Senior Executive Quality 2nd Floor', 1),
(9, 'Senior Mechanic 1st Floor', 1),
(10, 'Senior Mechanic 2nd Floor', 1),
(11, 'Welfare Officer 1st Floor', 1),
(12, 'Welfare Officer 2nd Floor', 1),
(13, 'Input Quality Manager', 1),
(14, 'Trim Controller', 1),
(15, 'Mechanic Line 1', 1),
(16, 'Mechanic Line 2', 1),
(17, 'Mechanic Line 3', 1),
(18, 'Mechanic Line 4', 1),
(19, 'Mechanic Line 5', 1),
(20, 'Mechanic Line 6', 1),
(21, 'Mechanic Line 7', 1),
(22, 'Mechanic Line 8', 1),
(23, 'Senior Electrician', 1),
(24, 'Head Mechanics', 1),
(25, 'Assitant Manager Cutting', 2),
(26, 'Manager Cutting', 2),
(27, 'Quality Manager', 2),
(28, 'Assistant Factory Manager', 2),
(29, 'Assistant Manager Maintenance', 2),
(30, 'Manager Maintenance', 2),
(31, 'IE Manager', 2),
(32, 'Senior Manager Projects', 2),
(33, 'Senior Manager Quality', 3),
(34, 'Assistant Manager HR', 2),
(35, 'HR Head', 2),
(36, 'Factory Manager', 3),
(37, 'Head of Operations', 3),
(38, 'Technical and Quality Head', 1),
(39, 'Admin', 4),
(40, 'Line IE', 0),
(41, 'Line Incharge', 0),
(42, 'Team Leader Quality', 0),
(43, 'SMED Executive', 1),
(44, 'Line 1 Trainer', 1),
(45, 'Line 2 Trainer', 1),
(46, 'Line 3 Trainer', 1),
(47, 'Line 4 Trainer', 1),
(48, 'Line 5 Trainer', 1),
(49, 'Line 6 Trainer', 1),
(50, 'Line 7 Trainer', 1),
(51, 'Line 8 Trainer', 1),
(52, 'Planning Executive', 1),
(53, 'Supervisor', 0),
(54, 'Training Head', 2),
(55, 'Pre-Production', 1),
(56, 'Finishing Incharge', 1),
(57, 'Washing Coordinator', 1);

-- --------------------------------------------------------

--
-- Dumping data for table `problem`
--

INSERT INTO `problem` (`prob_id`, `dept_id`, `name`) VALUES
(1, 1, 'Loading Problem'),
(3, 1, 'Re-Cutting Problem'),
(4, 1, 'Other Problem'),
(5, 6, 'Quality Problem'),
(6, 6, 'Wrong Trims Issued'),
(7, 6, 'Mixing Trims Problem'),
(8, 6, 'Other Problem'),
(9, 4, 'Machine Breakdown'),
(10, 4, 'Machine Settings'),
(11, 4, 'Other Problem'),
(12, 3, 'Allocated Operator Unavailable'),
(13, 3, 'Machine not available'),
(14, 3, 'Balancing Not Done'),
(15, 3, 'Other Problem'),
(2, 5, 'Cutting Quality'),
(16, 5, 'Sewing alteration'),
(17, 5, 'Quality approval'),
(18, 5, 'Other Problem'),
(19, 2, 'Operator Discipline'),
(20, 2, 'Unplanned Absenteeism'),
(21, 2, 'Other Problem'),
(22, 7, 'Operator Handling Problem'),
(23, 7, 'Skills Problem'),
(24, 7, 'Other Problem'),
(25, 8, 'No Pulling'),
(26, 8, 'Other Problem'),
(27, 9, 'No Monitoring'),
(28, 9, 'Feeding Helper Problem'),
(29, 9, 'Other Problem');

-- --------------------------------------------------------

--
-- Dumping data for table `section`
--

INSERT INTO `section` (`sec_id`, `name`) VALUES
(1, 'Assembly'),
(2, 'Back'),
(3, 'Cuff'),
(4, 'Collar'),
(5, 'Front'),
(6, 'Sleeve');

-- --------------------------------------------------------

--
-- Dumping data for table `user`
--

INSERT INTO `user` (`user_id`, `username`, `email`, `password`, `level`, `desgn_id`, `mobile`, `auth_token`, `instance_token`) VALUES
(50138, 'Sadashiv Naik', 'sadashiv_naik@laguna-clothing.com', 'aeb20dfffa29495820cc5873ba31e4d9', 2, 35, '9739941166', 'EM6lpsKTDnUHyQRjgB6Z', NULL),
(50084, 'Veerbhadraiah S C', '', '90736ab937f0d7e37ffa7cf5f69c01ba', 0, 42, '9972226320', '1z2LGEAfKL1zNYbZ3Zor', NULL),
(50598, 'Badekhan Basarigidada', '', '2d5115042d1b095eeb34b2c518712fd9', 0, 40, '9902503876', '4eLeeYVQifgGkbzOMcFI', NULL),
(50631, 'Anil Kumar', '', '81dc9bdb52d04dc20036dbd8313ed055', 0, 41, '8861763339', 'caZQnUDmoGt67pXCz0Xi', NULL),
(50580, 'Pooja', 'pooja_sn@laguna-clothing.com', 'd3da45d47812b93b23b354079ecd695b', 4, 39, '9980093003', 'oqDjM4AEnRoY0GibAMob', NULL),
(50418, 'Rudraswamy M C', '', '762a169d48fcb142ea8f285b1fd9da47', 0, 41, '9741029624', 'P07CQtyXRWnZaSkpCMIU', NULL),
(50622, 'Kumar M', '', 'beba3d1f306cd34ed7ddda51ce0a3dad', 0, 42, '9742288156', 'hDobUsTG3GP2E13sKMmf', NULL),
(50242, 'Bassapa', '', '8fb8bf5b96b8a68d117748ef966cafc1', 0, 40, '9620975664', 'joltNq1kh9qg3KxLUee3', NULL),
(50038, 'Basavaraju H M', '', 'aab185a0b33d014157e1519445587d1f', 0, 41, '9148042886', 'pMARChQztoNIcxE2Cq4f', NULL),
(50510, 'Geetha Shedthi', '', '8a5114a3f721b1a52e28f7ee4531a089', 1, 12, '9663410419', 'SfUxoCIWgRUxOEz4053M', NULL),
(13055, 'Shivagirijama B N', '', '77e1a1699081e03a3620a03c1a70f4d4', 1, 11, '8197787097', 'fbRitHbbGeDEkz5n9p85', NULL),
(50370, 'Noorulla N', '', 'b9a0e5ec9012d04ddf45f611318bdd8f', 1, 14, '9901114039', 'PHCyjqsIeHiqCGHGpBvm', NULL),
(50532, 'Devivara Prasad', '', 'af348b048a519757ae586c57399bde51', 1, 43, '9916791058', 'QjSdXfcwl9UGMYaPb7zf', NULL),
(50658, 'Sumit Kharb', '', '7a05db41ca63dbf71ec11d08b8cf6606', 2, 32, '7022067700', NULL, NULL),
(50303, 'Premanand G S', '', '0bdbfa066ee664e1b21a94e81229802c', 1, 23, '9483807440', NULL, NULL),
(50246, 'Yogesh', '', 'd23721904d77298e19178eda6af36522', 1, 9, '9844029665', '82fv6ZpHk66BF6Bhlw6l', NULL),
(50308, 'Umesh Y B', '', '9047bcf74f2ffc5c56b944382c6cf44c', 1, 8, '9742414209', NULL, NULL),
(50345, 'Sundara C', '', 'b237700308f552f88d249eadf4973020', 1, 7, '9538242388', 'M4sxpJ7mGq09KgnPjbbI', NULL),
(50186, 'Vikas Shrivastav', '', 'c5f82d5b13e40a68f87b0e113c801ff1', 2, 27, '9620333831', 'ujfC9zyRYQFHgp1h8xW1', NULL),
(50518, 'G Vijaykumar', '', 'faac925e681eaa11b7be6a759a2f09f5', 1, 6, '9739322779', NULL, NULL),
(50108, 'Efren Mario Rosales', '', '00a2c879f8d72c6b90e30c439e59dabc', 3, 38, '9739900518', 'HbWgckqRWseBaPAhT9yf', NULL),
(50614, 'Mohan Kumar SC', '', '4b5e05301b84041b720c8b59cea3df86', 1, 5, '9886655948', 'pTpkZ1zscm8mAL65Iw0i', NULL),
(50680, 'Pradeepa N', '', '65eb5cd761a33659479ff5747b139541', 1, 22, '9740237214', NULL, NULL),
(50302, 'Koushik M N', '', '990cd575b413d3038ac5ecf23079b910', 1, 22, '9743880653', NULL, NULL),
(50399, 'Venugopala', '', '6181d9db656efc991aa323a7c824443c', 1, 21, '9844539193', 'yJtYwzpWUH0owzaEKrJ9', NULL),
(50481, 'Sandeep A P', '', 'e0c0166ca3c3283acd6be511b24f922f', 1, 20, '7760752506', '02iYyEnLk7dAWG5M6pJk', NULL),
(50478, 'Shankar M M', '', '76290464d27c571130f256abd4e9c74c', 1, 19, '9743209128', NULL, NULL),
(50571, 'Ningegodwa S', '', 'fd1cf9c232ef3704735da30e6c96ebf4', 1, 19, '9880482420', NULL, NULL),
(50270, 'Shivlinge Godwa K N', '', '8976d1ded96cbc40f029bb1ab2f20291', 1, 18, '7090981263', 'AnEJbhahGMc4kucJhT6r', NULL),
(50342, 'Naveenkumar V M', '', 'b2b0b006abe2e8ca265a6c059de9e61a', 1, 18, '9900963733', '6ouA3PvCSOsxauGAS79o', NULL),
(50611, 'Jay Khadka', '', 'e47ca82e56576468aa4f7ba1c1b02f77', 1, 17, '9686954665', '1cGEpITCRuALYlZxwo6E', NULL),
(15902, 'Venu gopal G', '', '791beb6cc08ab8e2d4a161faebb15b53', 1, 16, '9986736672', 'AibWN03cGm3j3AuPfNqq', NULL),
(50647, 'Ramesh T A', '', '5996fa1f684e1b1583d7b741246e1116', 1, 15, '8861514520', 'W35sXRu1xHJCNq8GPAba', NULL),
(50268, 'Shivakumar S', '', '03e2c9213e79169fa937dbc91726a016', 1, 15, '9880144411', 'FY4VPQDmUK7ErmDuieei', NULL),
(50549, 'J Charles', '', '51d4d63efbb20478a60ff64183e0a3f6', 2, 30, '9739165457', 'jpEwZDuza0tLXpOkleFH', NULL),
(50617, 'Guruprasad M E', '', '4a7d1ed414474e4033ac29ccb8653d9b', 1, 24, '8722929234', 'n3Lw4NehzNrX37yLZCXA', NULL),
(50520, 'Mamin Khan', '', 'fef1a9a2f7c8ef2bd7cc75f7c703b447', 1, 13, '9972858931', 'ucKaTpM0Hd4D6iWUHzbg', NULL),
(50230, 'Rohit Singh', 'rohit_singh@laguna-clothing.com', 'e1ddfee0eb154b05a49d25be33f4cfce', 2, 31, '8197540090', 'Ack59FEiDQDXKKVtwAD9', NULL),
(50522, 'Srinivas A L', 'srinivas_al@laguna-clothing.com', '5f83d0bb9b7dc85d2b33b49bd6c4ba41', 3, 36, '9880895636', '16hxTmFFvJpxhIjTyysK', NULL),
(50464, 'Puneet Kumar C', '', '9d324575d56a6a2fe04ae898f5cf873c', 1, 2, '9742938546', NULL, NULL),
(50525, 'Prashanth', '', 'b02bffd7ed6f384ac704d85407a08959', 1, 1, '9535868143', 'qORYINK5kcuh4KLe4uQP', NULL),
(50395, 'Nataraju B', 'nataraju_b@laguna-clothing.com', 'f38d90f27e4ea8b7ce92c5b645d9ab9b', 2, 28, '9341625995', '91PufNHF5hB1xtVg5wyL', NULL),
(50437, 'Santosh M.R', '', 'f87e8e14abbb52450b902cc42900af58', 1, 4, '9902768880', NULL, NULL),
(50193, 'Madanraj', '', 'e10c1c89af410a0e4a52cf9f43dfad70', 1, 3, '9972433936', 'WbQz0O6w5KyslGZ4PaHo', NULL),
(50295, 'Smitha', 'smitha_shetty@laguna-clothing.com', 'bcb857fd5f707e56a546c615748c4b03', 2, 34, '9663766061', NULL, NULL),
(50552, 'Jeevraj P', '', '8b3ac9a93d73d9af70e874892720ef77', 2, 29, '9902252240', 'Q6FRVaZrmPGQss4swo7G', NULL),
(50287, 'Yogesh A P', '', '9347ec4581105cb439fad487a0eaaf5e', 2, 25, '9164037945', 'Mk16u6MkvGMYgKp57BIc', NULL),
(55555, 'Md Zahid Raza', 'zahid7292@gmail.com', 'e216a2398ad1bdfd5e3460888e333fbb', 4, 39, '8083237421', 'l3QP1zNKdG5IVueo6FNV', NULL),
(50634, 'Ramesh Bangera', 'ramesh_bangera@laguna-clothing.com', '026e345b578e6c58c463c6f168c3738f', 2, 26, '9035801001', '4PmtIwrrIjS5FfIK4dyP', NULL),
(50254, 'Suresh M', '', 'd5953794bf6beced442ccd0e49f15b22', 1, 16, '9663772888', 'sm5e7pC8QR4Fa6pkSmCr', NULL),
(50703, 'Punith', '', '54466289cefe2a2321dd09d784f406b8', 1, 20, '9964223277', NULL, NULL),
(50619, 'Santosh', '', '3fe08ccb0b16c5e65e6d73c4873f0c51', 1, 10, '9591562092', NULL, NULL),
(12345, 'Ramachandran', 'ram_p@laguna-clothing.com', '6e1af54754501ba9515fba9c77a52aa3', 2, 33, '9886692718', '1GMeYoWssUsPFTG06dKj', NULL),
(55550, 'Developer', 'raza30492@gmail.com', 'c651148415ab2a260e6c506075c12ae3', 0, 42, '8083237421', '220dJzrV6G3ro8XvbOOZ', NULL),
(50581, 'Kantharaju', 'kantharaja_hs@laguna-clothing.com', '1e4733b556d64a024d7a8d5620be4aba', 4, 39, '7760323053', 'J3fS3URml8ZofXxtaE7z', NULL),
(50126, 'Srinivas H P', '', 'fc72cfaaf6e9e9bff4006a53d6414585', 0, 42, '9986692825', 'C9bgxagqClPj4AGCd6qw', NULL),
(50705, 'Shrikanth', '', '47a7f2c033801a8185243e6ca8df5fae', 0, 40, '8105275819', 'ImZaijpxho5866xdBN7O', NULL),
(54321, 'Manish Sinha', 'manish_sinha@laguna-clothing.com', '424435d63b8d29a87be34d94f7c743de', 3, 37, '9739995006', NULL, NULL),
(50706, 'Raju N', '', 'e49bd2dbae693262d745d96a289b6149', 0, 41, '7411279775', 'LSGfHK7sVibd7taZDWg0', NULL),
(13799, 'Manjula', '', 'd7cbe21db22a1f3446e8108f375f4046', 0, 53, '7338507959', 'JDV6WTU70P4ogvEB4PWv', NULL),
(50369, 'Girisha M', '', '81dc9bdb52d04dc20036dbd8313ed055', 0, 42, '9739001824', 'wYNpLs7ROPi49XbefebV', NULL),
(50128, 'Venkatesh', '', 'e4aaa6c0c4ffe208218a0b07aead3001', 1, 56, '7760115645', 'l3l4dgKeYdpLhJfxlIQF', NULL),
(50635, 'Bettuppa', '', '147f883c5176c5765b9e9e4f2be0c8ab', 1, 57, '9739978128', NULL, NULL),
(50593, 'Rajesh', '', 'ad2b828999c31e6fb14a3420373f0276', 1, 56, '8095757543', NULL, NULL),
(50564, 'Sakshi ', '', '994ea7649571caa705fb113ccd253111', 1, 55, '8197799654', 'vdTWZjaIqkrBrrEewke8', NULL),
(50539, 'Kushagra', '', '9aac67b230f2b4f0ae9ece9ed48eb0e7', 1, 55, '8197053741', 'yZXpNIA9giCy8am5YSkn', NULL),
(50708, 'Aparna Singh', '7899388742', '499751d90c85362ecae83ee6e02b9e2b', 1, 55, '7899388742', 'cZHdDtZIZm0xGtxecYlp', NULL),
(50707, 'Antara Paul', '', '8e51d73067b9b8bdee62cefb99ef3092', 1, 55, '7406297926', NULL, NULL),
(50637, 'Pushpa', '', 'bf0ec0aa0c4d8c805a5020ae9288ad1c', 2, 54, '9342271649', NULL, NULL),
(20672, 'Shivarudramma ', '', '72b65faced0f09a54345f1bf372a4ba7', 1, 47, '8861443656', NULL, NULL),
(50671, 'Shivarudramma ', '', '72b65faced0f09a54345f1bf372a4ba7', 1, 46, '8861443656', NULL, NULL),
(12915, 'Prena ', '', 'a21efa42c22bf75916d10c88124b18fe', 1, 44, '9739437538', NULL, NULL),
(17951, 'pushpath', '', 'a76aa2a71e02b698faa7f4842ddfbc9b', 1, 45, '9739318711', 'NlIEtjuF6UcBZ2kK90yP', NULL),
(50592, 'Chandru Kumar', '', '30c0450b60db265c0377a768394249a9', 0, 53, '9739783635', 'mWO3CKiWiLc5yHjZKqpz', NULL),
(50693, 'Ramalinga Nayka', '', '55645e1a78cb111d523a2cbb9f50c8b0', 0, 53, '9008835457', 'fuxWjQBI0S1m6R1ZSJnk', NULL),
(14598, 'Manu Kumar V.R.', '', '9d4a74c2699962149cb20b47a1092294', 0, 53, '9611829510', NULL, NULL),
(55554, 'Application', '', '60a6f73347a89abf5558557064d08349', 0, 40, '8987525008', NULL, NULL),
(25505, 'Jeevaraj', 'jeev_digi@yahoo.co.in', '356906d1559d2dba0bdef3a7e0dbbbe6', 0, 53, '9902252240', 'LuFLuxucrFAAPrU7clKk', NULL),
(40404, 'Akanksha Singh', '', '68d309812548887400e375eaa036d2f1', 0, 42, '9916274179', 'tImI9djjPbZBe0elNik2', NULL),
(17171, 'Sajni Parikh', '', '520a948894951d913ea7d79cdcd3d7ca', 0, 42, '9825035643', 'oNMSFon2JFt7peKTAGzU', NULL),
(19791, 'Kantharaju', '', 'cc11641516be48f73ed4915248b90ebe', 0, 42, '7348846544', NULL, NULL),
(20202, 'Milan ', '', '65890af0481c757f060b4a34a24fbed4', 0, 42, '9663410819', 'Fd4wdlJmOCsqLZXOZdeS', NULL),
(50216, 'Raju', '', '864d7510e818923e1f46dd061cf33802', 2, 25, '9611308072', 'J3cq0JluNkHPmq1fVtgu', NULL),
(50312, 'B Gowda', '', 'e7742aecbebd82358f1542f3b1a374a5', 1, 3, '9591156368', 'NooTPMeMl9sXw828x71C', NULL),
(50416, 'Manju', '', '598fdb3ebc4444b77cfe2bb6dce19750', 1, 4, '7899336809', NULL, NULL),
(86205, 'Shivakumar S', '', '03e2c9213e79169fa937dbc91726a016', 0, 53, '9880144411', 'cD3N6mvgX3vpV4S4Oxod', NULL),
(20951, 'Venu gopal G', '', '791beb6cc08ab8e2d4a161faebb15b53', 0, 53, '9986736672', '1DGUsMo1eFZ25AHEWz5W', NULL);

DELIMITER $$
--
-- Events
--
CREATE DEFINER=`developer`@`localhost` EVENT `forgot_pass_event` ON SCHEDULE EVERY 1 DAY STARTS '2016-06-24 11:00:00' ON COMPLETION NOT PRESERVE ENABLE DO DELETE FROM forgot_password WHERE DATEDIFF(NOW(),time) > 1$$

DELIMITER ;

/*!40101 SET CHARACTER_SET_CLIENT=@OLD_CHARACTER_SET_CLIENT */;
/*!40101 SET CHARACTER_SET_RESULTS=@OLD_CHARACTER_SET_RESULTS */;
/*!40101 SET COLLATION_CONNECTION=@OLD_COLLATION_CONNECTION */;
